type,size,risk,r,angle,z
Fragment,Medium,Critical,31.3730701077031,306.306992635954,115.465846107837
Satellite,Small,Critical,14.4652936004953,103.008615284993,84.2033736284007
Fragment,Small,Low,75.2138458162866,230.561018637571,132.425473601711
Fragment,Large,Critical,20.0433699961522,113.098342981309,79.1718162443431
Satellite,Small,Critical,64.7487550006994,344.869583933683,77.644474259695
Satellite,Large,Moderate,35.29447751502,12.0324860767813,86.6815622161363
Fragment,Large,Moderate,25.6146445319519,208.725423779863,112.397303271365
Rocket_Body,Medium,Low,44.1776370627385,59.9412769378254,144.703571824269
Fragment,Medium,Critical,82.1301198600658,256.399273863777,11.0345031323648
Fragment,Medium,Low,45.2884219214115,63.3205020307183,8.01519035865257
Fragment,Large,Critical,77.569268428995,84.7379742834087,140.6325506111
Fragment,Medium,High,21.2937667119235,177.973491976472,79.4813438277309
Satellite,Small,High,79.5494277698571,329.340581998876,92.2354521850404
Fragment,Small,Low,31.3239992415983,76.2171739732695,72.3635402392093
Rocket_Body,Large,Low,70.9653816899985,51.9264076025172,14.0486178911211
Satellite,Large,Low,60.9203399356896,273.231659467451,115.213406762799
Rocket_Body,Medium,Moderate,93.6230245490518,180.223031640215,112.083696763288
Rocket_Body,Large,Moderate,44.8590266177782,328.242640457437,46.7554982239218
Rocket_Body,Large,Moderate,15.9548669950996,52.7812405775432,45.93588678426
Rocket_Body,Small,Low,11.7239936996127,232.534041488294,125.676207135827
Satellite,Small,Critical,84.4172704875477,83.8364926146534,10.8535886611989
Satellite,Medium,High,57.2262073895288,56.4337543145901,132.165772253484
Rocket_Body,Large,Low,79.7719646651454,246.034589456617,38.4992534843871
Rocket_Body,Large,Moderate,31.0983040010363,213.726463167143,88.947712163324
Satellite,Small,Moderate,41.057537096191,271.737885010439,140.399126850266
Satellite,Large,Low,12.7093484990187,111.406527520625,101.718375230496
Satellite,Small,Low,96.53430921167,161.269796297588,62.1644718700554
Fragment,Medium,Moderate,70.1081116030732,145.96980347895,103.430131335812
Fragment,Small,Critical,93.9884578983375,354.272207027945,51.5969454474555
Fragment,Large,Moderate,33.8946766686165,105.209624426179,41.5887624523779
Rocket_Body,Medium,Moderate,65.0317250103094,106.134205804836,149.502491690201
Fragment,Small,Low,71.0649971463374,127.637355178298,112.618534676968
Rocket_Body,Small,Critical,38.5794730231829,203.253869264515,96.7079966072726
Rocket_Body,Medium,Moderate,86.3298311514067,90.8361879349482,53.2934464828978
Fragment,Medium,Moderate,95.2445316610223,329.504378536538,7.37412437325722
Rocket_Body,Small,High,89.6369605926403,95.6468033518548,4.65853140527334
Fragment,Large,Low,76.5160278345435,322.49366336167,83.1271883173198
Fragment,Small,High,34.9718211752458,37.2510229127704,114.304908155857
Satellite,Medium,High,35.3454437895068,236.362572863874,80.6068785665782
Fragment,Small,Moderate,96.7024288401434,326.514786637767,126.117760790867
Satellite,Medium,Low,10.9256046342122,60.7497978233626,5.01397996398324
Fragment,Medium,Critical,74.444497591793,348.597705635731,55.012811463891
Fragment,Large,Moderate,73.5621546299736,163.038009749584,35.5605586761267
Satellite,Medium,Critical,66.0420586854817,340.457439038768,67.0909452235683
Satellite,Medium,Critical,99.1097961478179,243.655215706816,10.8564589791183
Fragment,Large,Low,38.0691492187352,108.571273154478,143.11974623566
Rocket_Body,Medium,High,40.5974677413923,67.7889089701583,33.4883101604041
Satellite,Large,Low,17.10454626519,109.344616641035,138.346166322537
Rocket_Body,Large,Critical,49.8518322889363,33.4862673345629,63.8839732555022
Rocket_Body,Medium,Moderate,33.4943673611363,51.7924678835987,147.828619988282
Rocket_Body,Medium,Critical,40.9048031959879,37.6777585247332,83.1087575190316
Satellite,Small,Moderate,85.1114611230064,152.25967574696,139.624929626371
Rocket_Body,Large,Moderate,94.1936062174746,286.408215452731,0.802348304133426
Satellite,Small,Low,26.7159764804667,50.8980795178824,112.235820927135
Rocket_Body,Medium,Critical,43.5258038398119,46.9153559420409,135.457597965377
Fragment,Small,High,93.5767505903854,231.634421826239,20.9580850468431
Fragment,Large,Critical,15.56276146203,70.9858735085038,14.4188777598227
Satellite,Small,Critical,18.312447530024,35.1396137192369,63.6858910778933
Fragment,Large,High,24.6511890285606,60.0654881540079,140.05183591994
Fragment,Medium,Low,63.5691550714187,332.543302515639,81.3579840285658
Rocket_Body,Medium,Critical,23.5425043905397,295.729650999428,79.1184695582598
Satellite,Large,Critical,97.126874330566,127.463242447833,21.1689177448982
Rocket_Body,Medium,Moderate,50.2043074532668,236.095476237861,0.118426663982817
Rocket_Body,Medium,Critical,55.1366164315149,193.419242520493,121.521013611819
Rocket_Body,Medium,High,32.1992754224865,243.764734853723,13.1361844479357
Rocket_Body,Medium,Moderate,52.386422719126,245.761614886593,95.0774728102986
Rocket_Body,Large,Low,69.572226937331,226.344245421597,137.192468177278
Rocket_Body,Small,Moderate,77.6059423258638,95.796492673431,31.2977869737646
Rocket_Body,Small,High,77.8481274438921,14.0423114746145,99.7909254355366
Satellite,Medium,High,62.0102001424679,164.004041516439,11.8047865061264
Fragment,Small,Moderate,91.3923797494471,320.750598488653,90.5632715756419
Rocket_Body,Small,Low,83.5667062575498,205.019013066687,24.5897581429804
Rocket_Body,Medium,Moderate,78.1343303228763,299.660775012686,110.393034077276
Rocket_Body,Medium,Low,15.0044969512414,356.984763466042,45.1846942190862
Rocket_Body,Small,Moderate,10.6190165997684,58.9018334897794,69.5086513206969
Rocket_Body,Large,High,29.1202549475925,249.039950091113,89.9145813041432
Rocket_Body,Medium,Critical,69.7171234522107,242.745686532008,25.6910115999359
Fragment,Large,Critical,47.0077739994291,352.78396104898,111.245672792643
Fragment,Small,Low,46.216563336938,354.816264223008,45.3960510955221
Rocket_Body,Medium,Low,89.6128199406652,247.204300220686,99.355778986913
Fragment,Large,Low,90.6006563318654,87.7013251135899,23.742457604906
Satellite,Medium,High,91.8257737648227,287.480101727015,103.217648880952
Rocket_Body,Small,Moderate,38.2490268863524,38.5304883159737,19.2282109215692
Satellite,Large,High,72.1950231465335,281.051749501786,63.8034744404975
Satellite,Small,Critical,34.4469863146932,327.67060469209,37.0809110608315
Rocket_Body,Small,Low,27.1548849767004,137.820022116636,112.256287414227
Fragment,Medium,Moderate,26.6169211612632,227.028706193908,39.3052506760311
Satellite,Large,Critical,40.7896858777234,154.851383554857,132.257595959309
Rocket_Body,Small,Critical,48.6961857801839,157.595419795726,133.773031710991
Satellite,Small,Critical,84.7854253949561,111.733520078923,29.4661972834178
Satellite,Large,High,20.790198412544,274.366663362116,92.0768917511586
Satellite,Small,Low,76.1433262655404,337.023563099941,13.1576462579946
Satellite,Small,Critical,57.8309422770374,338.670309324406,58.7305649402443
Fragment,Large,Low,35.9150808408393,62.9212625549761,106.99825942519
Satellite,Large,High,54.3537626079542,314.907713876363,98.9134870274874
Satellite,Large,Critical,36.994786279932,265.475318913763,93.7051004109912
Satellite,Large,High,63.6473759714475,91.0214642485041,42.3811295493665
Fragment,Medium,High,49.0459530569719,24.2224606517452,56.7037424151603
Satellite,Large,Low,24.796497617099,96.479016078376,15.4419217050429
Satellite,Medium,Critical,20.4924767100127,328.394965241349,107.85342306504
Fragment,Medium,High,59.2026113864917,227.944322962478,75.583319518691
Fragment,Medium,Critical,91.2171729957493,259.579677923233,106.314844851848
Fragment,Small,Low,40.9561917901916,92.5748463992745,37.3415287195309
Satellite,Medium,High,75.970009650036,258.979736006935,48.6657342952599
Fragment,Medium,Low,69.279521944579,10.1237422600525,50.1323005890172
Fragment,Small,Critical,93.8399422878532,135.115684478284,3.86136146208242
Satellite,Small,Critical,83.8882915569226,225.631205475239,51.1571809245935
Fragment,Small,Low,60.9944733014916,52.5947635948752,120.495686027705
Satellite,Large,Moderate,69.1327448410696,296.281286800896,134.59477436246
Rocket_Body,Small,High,90.8547819925631,84.6112675722907,77.7327473453891
Fragment,Small,Critical,45.9566906128241,234.82120061464,68.325254282883
Rocket_Body,Medium,Critical,39.4115235271999,145.870971327118,4.62369280490553
Satellite,Small,High,10.9729975271676,214.575694371952,131.880650637807
Fragment,Large,Low,84.3895966772317,38.6821989464069,1.9515320138809
Satellite,Small,Low,82.0882630363028,6.08860797177863,141.712512031531
Rocket_Body,Large,Low,19.4009066290136,327.443193856908,73.3824373032135
Satellite,Small,Moderate,61.917164301943,97.0668031561858,51.2901740362089
Fragment,Small,Moderate,51.7583528350198,295.083721000965,138.632765226399
Fragment,Small,Critical,20.68381859582,359.766108169992,3.65864896651451
Rocket_Body,Small,Low,98.2511404354651,76.115252879608,87.213734230363
Satellite,Large,High,29.3226298717019,95.461466826008,82.3398786749006
Fragment,Large,Critical,16.0510762081505,238.629523548479,32.8980601817073
Rocket_Body,Medium,High,63.5362641551718,347.561508456223,64.3331147025315
Fragment,Large,Critical,76.4980009419729,329.693165348667,97.8396008915655
Fragment,Small,Moderate,12.9199101442468,181.03518722361,109.069679532289
Satellite,Medium,Critical,69.2845874854319,286.23970170962,0.107528805986967
Fragment,Medium,Moderate,57.9062688356309,48.8685071159643,140.528014513652
Satellite,Medium,Critical,19.2938507987543,351.877746313444,24.6788058589218
Fragment,Small,Low,25.5271489251725,347.167164252955,35.0370651333538
Rocket_Body,Large,High,61.1176867584472,58.9424248365015,39.5210168540772
Fragment,Small,Low,36.6721852161959,107.792324929118,5.67302048280529
Satellite,Medium,Critical,94.4484155786184,36.0557991024361,18.4578185385487
Satellite,Small,Critical,83.6866206535645,97.8183356033446,147.952488441624
Rocket_Body,Small,Critical,98.5210485862296,293.744084189474,47.2825106065929
Fragment,Large,Moderate,33.3703755055372,136.193618579493,17.2951635508574
Fragment,Large,High,97.2751269518179,31.822908172833,16.0486891761935
Rocket_Body,Medium,High,48.8110482812402,123.201188920405,107.918995150495
Fragment,Small,Critical,41.2766915782379,353.29800032686,128.185299604896
Fragment,Small,Critical,14.5314574272417,226.686094293313,38.5428449262704
Satellite,Large,Moderate,14.7488732073642,149.817940706216,3.13642685028524
Fragment,Small,Low,72.2810130351989,59.9538648590172,33.4635027668033
Fragment,Small,Low,51.2136094990625,355.02364702213,8.4773536195136
Rocket_Body,Small,High,30.3869463432495,295.505643334726,15.5092404945062
Rocket_Body,Large,Moderate,65.2573275692709,101.33182888233,64.7262179771463
Satellite,Medium,Critical,32.75723064251,25.2247304596282,34.4877556292448
Fragment,Medium,High,61.986857890998,20.3852006559208,77.3918817788135
Fragment,Small,Moderate,42.3287872284421,43.3361338219921,38.0240629885785
Fragment,Medium,Low,84.1197003950637,209.076690101191,141.080595165442
Satellite,Large,Moderate,83.8626544690101,334.354831633977,135.891595188939
Satellite,Large,Low,52.9615358310161,178.827634082154,85.0209157515699
Rocket_Body,Medium,Moderate,41.5737198401514,303.460373684231,53.1635987981079
Satellite,Medium,High,42.6303816903185,160.51918314953,57.1720323052103
Fragment,Small,Low,82.5143073101396,255.090076476417,61.7778424716745
Fragment,Medium,High,39.536153451785,263.47418542314,109.136898320241
Satellite,Small,High,28.8153436336161,62.6269341252019,67.7458493278256
Fragment,Small,Low,17.6219507687776,130.037781231292,128.509491975884
Fragment,Large,Low,52.0023808795967,229.428776353688,141.614217889554
Satellite,Large,Critical,53.3918889027857,25.4507789463718,50.39192300684
Satellite,Large,Critical,85.6817839362616,130.154467594664,84.104172206352
Fragment,Large,Critical,29.9114826801457,192.527807861229,14.2584805248846
Fragment,Medium,High,44.2892146301559,358.640817496069,30.0703571649538
Fragment,Large,High,82.7565165004321,170.832082544078,62.019865006524
Rocket_Body,Medium,Critical,84.1261249674076,293.780432561156,30.9304073852668
Rocket_Body,Large,High,44.6149968380891,155.544222623982,131.484073618307
Rocket_Body,Medium,High,51.3211620958012,286.700660143095,23.7429384088647
Satellite,Small,Low,37.2957301764354,214.349328583239,68.3491232329637
Rocket_Body,Medium,Low,93.929939057738,319.174358940863,90.8548860689813
Satellite,Medium,High,20.6779389167422,147.939318846039,103.779586224126
Satellite,Large,Critical,94.0374480701323,217.549591135732,57.460405458976
Rocket_Body,Medium,Moderate,71.5479806651808,226.806725022777,130.364860308709
Rocket_Body,Small,Critical,57.8414937418058,150.25785904817,85.2478726616888
Rocket_Body,Small,Moderate,12.9393154706046,51.9523357274933,65.9261670671327
Fragment,Large,Critical,52.8036572639807,33.6813864884408,10.0860951078054
Rocket_Body,Small,Low,46.6973294502459,6.00175821586791,69.7034202667747
Fragment,Medium,High,24.509693077761,314.472335128277,123.110376122359
Satellite,Small,High,69.0768643150591,85.13096840593,92.1811527331973
Fragment,Large,Low,97.4035816631457,76.1424297414365,124.824368059367
Rocket_Body,Medium,Moderate,60.5969929958072,264.972744153383,74.1017505898958
Satellite,Large,Moderate,74.3277948799551,115.205800711461,17.7692557641722
Satellite,Medium,Moderate,16.1605407309415,182.176089268261,2.04597687538216
Satellite,Small,Low,47.5900296235295,58.5039835070842,45.4829320077886
Fragment,Large,Moderate,20.4722636648046,345.508459726308,104.698570724668
Rocket_Body,Large,Low,65.1516251982859,306.569304006205,118.538985591254
Satellite,Medium,Critical,94.4633942392739,310.964264267401,44.3629251930494
Satellite,Large,Critical,69.5599959224474,146.438549485921,74.348088132487
Satellite,Medium,Low,16.9122743482979,274.450036934582,63.1678356651122
Fragment,Medium,High,41.9199584486574,51.7954159403208,61.5784176527141
Fragment,Medium,Critical,59.5597041496766,3.1028409330409,34.7023069800225
Rocket_Body,Medium,Moderate,46.2886980519927,7.19025572809012,20.4556657544187
Fragment,Small,Low,85.0279609427655,211.176625465641,29.5032837346819
Satellite,Medium,Moderate,83.320390423899,163.942165889258,8.29985807450191
Rocket_Body,Large,Moderate,65.0647918092899,186.485525607067,29.7196112735365
Satellite,Small,High,43.6112150619434,2.68673055019898,1.38013464380691
Satellite,Large,Moderate,32.9802736386919,152.167183076673,94.0887600953967
Fragment,Small,High,19.5286886391816,258.504538032309,47.4563111081524
Rocket_Body,Medium,Critical,41.9407915137898,159.369732708276,145.971706714036
Fragment,Small,Low,47.1855265486947,263.5989142724,29.0575576164446
Fragment,Small,Moderate,70.8240632593666,83.8868271828605,51.874285546439
Rocket_Body,Large,Low,69.2343841867816,292.731121613421,53.6761737962299
Satellite,Large,Moderate,16.3097325677131,211.835246563242,1.26772440936908
Satellite,Medium,Low,45.5733383888042,75.8747157947662,125.881192955918
Rocket_Body,Small,Moderate,26.3600980495625,85.2193713073798,4.7991690216487
Satellite,Small,Moderate,24.1131434785125,226.090967245033,141.026975209386
Rocket_Body,Small,Moderate,84.4571934763521,298.778253556479,133.811152664043
Rocket_Body,Medium,Moderate,13.7723695044631,149.626001530495,80.3282874128945
Fragment,Medium,Moderate,47.7264588311909,92.9881544859332,81.5393362366938
Rocket_Body,Medium,Moderate,25.1383290189866,312.124178487816,98.0666884434234
Fragment,Medium,Moderate,89.1397194110626,240.9365850303,58.057501790233
Satellite,Medium,Moderate,60.1336461947531,161.310775421907,97.0833425096783
Satellite,Large,Moderate,30.8242572739163,175.644070300548,6.71525830327303
Satellite,Small,Low,55.2184558449738,73.5323284571027,8.10714410245898
Satellite,Small,High,75.8337723732804,225.648946823343,68.5845629429316
Fragment,Small,Moderate,96.230620802749,129.147303795439,82.4433451659052
Satellite,Small,High,29.8401403820877,358.432263602765,133.172646050372
Rocket_Body,Small,Moderate,89.756359491641,172.866065494279,15.6990950861844
Rocket_Body,Small,Moderate,94.0873702750741,174.91881822826,123.397189079083
Rocket_Body,Small,Low,92.4778490078859,203.706643467841,31.5071005938104
Fragment,Small,Critical,67.1872921175718,330.032161122748,59.1125472765047
Satellite,Large,Critical,66.6838588991236,288.29451594951,47.4903652241119
Satellite,Small,Low,46.288956986544,162.406825127222,60.0232909298098
Satellite,Large,High,77.7158094073409,258.731735750206,22.5743247108878
Fragment,Medium,Critical,57.8164616515838,211.044779561074,75.5355111605332
Rocket_Body,Small,Low,70.9694264105465,177.252137532449,120.246388474705
Rocket_Body,Medium,Low,48.5612113463915,69.2336782023661,66.2301015568345
Satellite,Medium,Critical,75.8346817638825,167.01705484376,73.5920363847298
Rocket_Body,Medium,High,84.2024365844094,88.4946913281268,127.315137792197
Rocket_Body,Large,Low,23.1792630942534,329.343173946595,105.908717195704
Fragment,Medium,Moderate,84.9636744016805,120.746452858684,73.5681612779677
Fragment,Medium,High,58.6266878611276,342.815045232014,38.6543472283769
Fragment,Medium,High,86.0199318181201,191.899904434096,132.739012026745
Fragment,Small,Critical,48.8171535706913,227.355976323417,86.5530602535837
Satellite,Small,Critical,44.1136436844731,195.458560016158,33.172141516604
Fragment,Large,Moderate,92.35546592655,46.5770221080123,40.3679628957015
Rocket_Body,Large,Low,32.6052340793561,135.295638842858,120.469963340436
Satellite,Small,Critical,85.9791092757528,35.6926004199446,6.62183431311831
Rocket_Body,Large,Critical,53.5618515258463,224.263455906017,148.813828054323
Rocket_Body,Small,High,56.2685898296133,160.874710272158,19.5527519572187
Rocket_Body,Medium,Critical,37.7621453340535,280.074589765537,119.41027880954
Fragment,Medium,Critical,61.5737980557114,79.3693731597731,59.2162975157524
Fragment,Large,Critical,39.269007664859,59.2437810345605,73.83242749312
Satellite,Small,Critical,13.5342472817487,146.279603146956,132.097586619686
Satellite,Small,High,34.479874480992,333.570737958617,61.9366784383819
Fragment,Large,Moderate,10.5741139065931,255.751853404468,80.6240630509851
Rocket_Body,Small,Moderate,98.051930835117,150.81250492545,7.39494936137549
Satellite,Medium,Low,96.9172488837772,186.217981111551,0.352121080117973
Fragment,Large,Critical,45.5639767725074,30.3166840237554,36.7199809502588
Fragment,Large,High,75.5533768905681,354.4473226954,102.087463937815
Fragment,Small,Low,41.1225488569382,239.90662969017,18.1897340038705
Rocket_Body,Large,Low,70.3983841377378,102.745464646832,17.0642938206824
Fragment,Small,Moderate,82.4887038741381,210.891021917487,61.6440912053854
Fragment,Small,High,95.2080620223016,39.4136517848378,97.1755557912339
Fragment,Small,High,46.0191048264704,347.70120077073,106.810798837189
Fragment,Small,High,80.4968184660442,62.9225956380117,26.7676011147562
Satellite,Small,Moderate,33.9335605568906,233.290914499877,11.9382221058063
Satellite,Large,Moderate,99.1299073414283,88.3636065140149,141.059555091831
Fragment,Medium,Moderate,12.3192638887916,258.322097753472,39.0999573843152
Rocket_Body,Medium,Moderate,64.3175925851008,279.655692206501,128.001974641308
Satellite,Large,Moderate,69.3555383486194,242.431102408115,129.523717569422
Fragment,Large,Critical,71.9241001366716,221.219805691869,115.878388764381
Satellite,Medium,Critical,20.834882091018,321.288873822724,25.3250409978855
Satellite,Medium,High,94.4676805125817,28.3056159563128,123.27021888813
Rocket_Body,Medium,Low,26.3064951145074,119.12931568087,115.387583886238
Fragment,Medium,High,66.0478062915856,89.3834926671045,89.5084485159325
Fragment,Medium,Low,30.0408471210776,355.685026343551,50.5803052753429
Rocket_Body,Small,Moderate,37.6494775319143,140.180320680074,39.3762906399816
Rocket_Body,Large,Low,59.1812687555311,263.740571726543,18.2833818120538
Fragment,Small,High,47.5474076708118,246.501058997161,76.4635600351307
Fragment,Medium,High,24.4203040878855,76.3492454918559,87.7891313264769
Rocket_Body,Medium,Low,25.3842762178763,86.0391648761584,53.900848577368
Satellite,Medium,Critical,47.6330309346519,101.262442879092,71.3038601521302
Satellite,Small,Moderate,78.155468044795,148.005820173376,54.52716860539
Rocket_Body,Small,Moderate,90.8168182163009,84.3570236341896,96.1509085981051
Satellite,Medium,High,17.5714896033444,7.0745337888652,135.188881169484
Rocket_Body,Small,Critical,45.3793516803461,316.58150045059,24.5880393070417
Satellite,Small,Low,19.0221007350589,347.619539297118,57.2113214854685
Satellite,Medium,Moderate,11.4933232569338,122.965339331364,21.1302905926291
Fragment,Small,Critical,69.5546814379561,121.86247659317,93.7415655611748
Fragment,Large,Moderate,64.2204497769929,2.55305259877355,109.330576423289
Satellite,Large,Critical,24.6717202433397,244.890247798934,139.786909889618
Satellite,Large,Critical,31.0431549783757,297.158362469506,41.8307889391447
Fragment,Large,High,12.1336978280066,52.7789881296011,142.531680879814
Fragment,Medium,Moderate,85.1452485124963,57.4798857721742,9.48940077310122
Fragment,Medium,Low,97.7221536443696,284.429969989717,90.4520795046882
Rocket_Body,Medium,High,22.1913583115221,221.864669407492,8.56990790149949
Satellite,Large,High,30.8327692388768,16.1498007459781,134.066128164291
Fragment,Large,Low,88.156857155224,224.116916566421,79.4713585605081
Satellite,Small,High,93.3817418160566,111.210380223755,100.402252614419
Rocket_Body,Small,Critical,47.7664644526129,132.741055969504,124.736088886567
Rocket_Body,Large,Critical,14.5560225042166,277.103310586876,22.5465933725953
Fragment,Large,Moderate,13.5452650323537,291.936669362139,5.78873429072007
Rocket_Body,Large,Moderate,61.6554879462109,144.128385662339,131.832171886927
Satellite,Large,Low,45.3605598003861,340.975056962287,47.2399841188398
Fragment,Small,Moderate,12.5787184819889,146.326578462746,19.3468361890747
Satellite,Large,Critical,62.4927153081301,277.860972682839,70.2691855630629
Satellite,Small,Low,11.017228293012,174.195815243133,89.7459113544028
Rocket_Body,Large,Low,80.8634762334345,323.11163754795,4.64559051337651
Rocket_Body,Large,Moderate,37.5789540433034,326.794047714064,41.2343487385631
Rocket_Body,Large,Critical,13.6232202708308,31.4700508335901,4.9199811415344
Rocket_Body,Small,Low,62.9516998884838,337.137599271681,63.0503083793248
Rocket_Body,Small,Critical,45.7915972989749,297.192542947349,134.265004359936
Fragment,Medium,Critical,97.6420372021434,284.87185715256,147.397861724035
Satellite,Large,Critical,58.9778796253331,72.328082286788,95.5571330255441
Satellite,Medium,Moderate,34.7715262933307,289.842915151679,24.2456540676887
Satellite,Medium,High,73.8494978170577,306.047784486613,135.877408499895
Satellite,Small,High,34.434280228844,104.094120403494,77.437173480009
Rocket_Body,Small,Low,91.3818962266808,342.813628210436,23.0623968154377
Satellite,Medium,Critical,43.7249773456638,17.9496527036991,138.259000417749
Fragment,Large,Moderate,59.4881706498584,53.9673311689702,113.620357608465
Fragment,Small,Critical,14.5515793441805,193.529209698545,109.755790908472
Satellite,Large,Critical,48.3509114157007,207.285289604031,106.37710556916
Satellite,Large,Moderate,84.9127185694895,232.254029988325,30.0509731644663
Fragment,Medium,High,82.5083924827007,6.10888655356792,31.6510037561289
Fragment,Medium,Critical,30.1886702968173,345.732038863966,103.243949764088
Rocket_Body,Medium,Critical,30.3471163909506,16.0517133842918,32.9584125165595
Fragment,Medium,High,83.5574780991913,51.5023029804248,65.8007545204573
Rocket_Body,Small,Moderate,93.7358578152393,5.04522630938051,117.300273839091
Rocket_Body,Small,Low,18.5824829145703,204.069035985874,117.592877714676
Rocket_Body,Medium,High,50.5052775483602,335.61607821155,67.9892658788789
Rocket_Body,Small,Low,40.3708851067806,239.740979788967,118.828490741286
Rocket_Body,Medium,Low,88.3619609911695,296.156688652953,125.793269429708
Satellite,Large,High,17.5172423212016,4.78123324508882,98.216362692639
Fragment,Large,Critical,29.0013348302233,195.125507452701,34.263877846263
Rocket_Body,Large,Low,77.7221503827844,165.442671901987,41.1017670578321
Fragment,Medium,Low,14.6164464083094,179.628459919485,47.2261733113103
Fragment,Large,Moderate,54.328184264286,25.9967467206676,17.5206161600928
Rocket_Body,Small,Critical,49.7896331211748,246.39672998495,40.9739430554917
Satellite,Large,Low,40.0961061089873,181.159349349108,31.4278836468798
Rocket_Body,Large,Moderate,45.5115083787031,275.453585950055,68.2993124712903
Satellite,Large,Critical,57.6946528237209,174.704628262217,136.265632180839
Fragment,Small,High,24.5230622549544,53.7773890415155,15.6720475130937
Satellite,Medium,High,61.4796290455233,233.372503468015,108.040188592109
Satellite,Small,Moderate,82.4889096369987,62.0590903578598,103.092450661969
Satellite,Medium,High,78.4144836811143,314.062042807733,14.3631297995036
Fragment,Medium,Low,23.8509914224396,220.721846064926,138.38586073587
Fragment,Large,Critical,23.4324522767326,56.5933980805035,85.2708303235229
Satellite,Medium,Low,34.1356930970422,346.441700693234,54.5588281703526
Satellite,Small,Low,42.4967253706933,186.611566800715,113.480787524296
Rocket_Body,Small,High,46.7610023267634,26.2434426737958,38.6048187602451
Satellite,Medium,Low,71.172749515001,225.659845589424,104.026475556948
Rocket_Body,Large,High,15.1012388949251,91.1516065246116,5.95668113583708
Satellite,Large,Critical,13.1205433803459,289.329642675828,125.91120564139
Rocket_Body,Small,Critical,45.2719506649518,294.415946483828,67.2256270531977
Fragment,Large,Low,72.7447322924182,352.421048107678,95.5039371536912
Satellite,Medium,Moderate,27.4091808660834,180.673031168821,33.1856729710025
Satellite,Medium,High,67.7354033130626,163.784476701985,101.561056898767
Satellite,Small,High,33.3845324146269,271.251217960733,115.836041383991
Satellite,Medium,Low,89.7477497932164,47.6894362830935,70.9819780326598
Rocket_Body,Small,High,90.6120949839954,196.889584965524,92.6590386092691
Satellite,Medium,High,36.7558483853193,196.649136047106,68.4488885733597
Fragment,Small,Moderate,30.6994378566916,32.2103242117394,134.113705388676
Fragment,Large,Moderate,47.0173574859608,150.474270782488,74.6803770771478
Satellite,Medium,Low,31.6478426662133,307.182527484192,126.271306354322
Fragment,Medium,Moderate,70.5145458962533,308.215303918077,120.202808740537
Satellite,Small,Low,84.3458216093456,35.7255593710851,61.5757232022534
Satellite,Small,Critical,70.5782917820095,32.6595177892191,34.5126737786212
Fragment,Medium,Low,84.1915402524414,94.5703717206967,60.9123198839656
Satellite,Small,Critical,45.7292945986726,314.915782519437,123.932606366283
Fragment,Medium,Low,24.0685273637974,46.4049306264596,34.1448803729088
Rocket_Body,Large,High,76.4155852657832,259.19884894588,78.6654518786624
Satellite,Small,Moderate,42.4427054627398,36.4196230607171,120.914512194112
Rocket_Body,Medium,Critical,70.4143742706219,224.329627349217,53.0216212692568
Fragment,Large,Low,34.3579547783589,128.184227682892,96.3314455504046
Rocket_Body,Large,Moderate,17.3106671326005,284.009026667712,36.8447361073221
Rocket_Body,Medium,Low,99.3323615938987,84.1285615771309,16.3919168052239
Fragment,Small,Moderate,24.0581357137539,230.112658580385,119.157633763928
Rocket_Body,Medium,Moderate,98.9578894567132,84.8457124473185,14.845293511306
Rocket_Body,Large,Low,97.9551939309802,256.917701920375,40.7072092619376
Fragment,Medium,Critical,81.4436293517235,314.524092441869,128.266413299616
Rocket_Body,Small,Critical,69.3480665873797,45.6486476856336,51.9703930618
Fragment,Large,High,62.0026345225976,311.974447894381,145.956802427124
Rocket_Body,Medium,Moderate,87.9491390840051,213.687091589147,146.960150216078
Fragment,Small,High,36.0495569457539,45.7597767121286,40.2414030680335
Fragment,Large,High,52.0913091236389,153.915067929496,6.14673333748356
Rocket_Body,Small,Low,65.7450972429851,57.9097056546352,105.759492630806
Rocket_Body,Large,Low,47.0071428282541,252.125239991965,67.6479753972515
Rocket_Body,Medium,Low,48.4737808681241,273.192528390461,15.1129265939364
Satellite,Small,Moderate,39.7256200751875,38.0867472982076,106.128422846706
Satellite,Large,Low,60.7808635016082,182.210346970071,4.67623636678818
Satellite,Small,Low,86.5517075213604,293.26502016933,130.529503573836
Fragment,Small,Moderate,28.1375540205681,337.018694958358,20.7978793669955
Rocket_Body,Medium,Moderate,94.0989734878097,184.866432027037,19.0967818120087
Fragment,Small,Critical,72.0178888373406,342.100520500106,26.3508446952876
Satellite,Large,Low,84.0945891412027,192.84802936417,144.039953773809
Rocket_Body,Large,Low,60.057162336701,141.908578055966,103.975404038076
Fragment,Large,Low,80.1565031281657,305.353126279042,120.205730319545
Rocket_Body,Large,Critical,11.458035760552,177.473775764912,59.6452478599129
Fragment,Medium,Low,83.6542382301581,169.884903803228,50.4469091257433
Rocket_Body,Small,Critical,13.6124973176829,176.512496187538,35.1726010174754
Satellite,Medium,High,90.0922038726576,304.842600673108,72.0972042468613
Satellite,Small,Critical,99.2766472514779,299.498955007698,82.7743100301252
Rocket_Body,Small,High,36.46607159591,145.267197278476,94.7662265479133
Fragment,Small,Low,28.9286700657214,119.987949553389,38.5677755998041
Satellite,Medium,High,78.8827027472236,177.094088654086,142.298112135448
Satellite,Small,Critical,32.7723706828227,206.198103505359,25.4637747310703
Satellite,Medium,Moderate,87.9006144854983,85.8013958260789,144.847976214961
Rocket_Body,Large,High,19.2558332941729,285.823830497612,2.22841837612556
Rocket_Body,Large,High,21.3359676741422,175.133795663672,72.1688537725268
Fragment,Small,Low,98.1236399590554,120.256397431185,50.0051757174844
Fragment,Medium,Critical,70.6455008443004,38.4555574670366,67.3685120895376
Fragment,Large,High,86.2198501986057,85.9842577452984,85.5996868471183
Rocket_Body,Medium,High,39.1896439616366,341.741221832154,65.3383737019063
Rocket_Body,Medium,High,70.8835374568544,109.835887255029,62.2270275452392
Fragment,Small,High,63.4817644577737,60.7893441721327,109.908512311995
Fragment,Large,Moderate,64.2835108110652,165.842204995797,102.881441262969
Rocket_Body,Small,Critical,71.4279213583949,110.551587609689,124.990692305377
Fragment,Small,Low,61.7823255816188,12.6573300976298,37.4938471859243
Satellite,Large,Low,48.6156132372399,116.33227822059,91.4292764631095
Rocket_Body,Large,Moderate,34.8330424942492,195.879104618208,87.779217808928
Fragment,Medium,Critical,79.1723197821881,198.616453927188,55.4606716309033
Rocket_Body,Large,High,30.3645187002867,128.361211623679,72.9086312854021
Satellite,Medium,Moderate,72.3118875538972,161.028992250936,47.0673214958593
Rocket_Body,Medium,Critical,30.9999540384393,347.586450564515,21.2766596425477
Rocket_Body,Medium,High,66.2797152959008,135.845451802912,32.0701815994099
Rocket_Body,Large,Moderate,77.2370440416126,92.9616527735938,15.8270469601801
Rocket_Body,Small,Critical,29.6842500015885,87.6481358640336,102.460436278518
Satellite,Medium,Low,15.3948970775177,164.795260573488,99.1091089663727
Rocket_Body,Small,Low,21.7876368694756,273.427253538099,142.59095573698
Rocket_Body,Small,Critical,64.5397270543923,74.1557463078503,109.451762047086
Fragment,Large,Low,86.4501765603162,255.346605770676,7.80687581341971
Rocket_Body,Small,Critical,14.0497139111881,7.61393640578986,132.636776089343
Fragment,Small,High,76.0736133137481,150.81587207422,129.401274441858
Satellite,Large,Critical,40.7186781355046,279.311423473003,66.4980481159048
Satellite,Medium,High,53.067553292757,121.943864078795,87.8794575791882
Satellite,Small,Moderate,93.5973594861009,202.945356520343,146.411749870877
Satellite,Large,Critical,39.877435426226,73.7925238173278,79.8456545772249
Fragment,Small,Moderate,51.8803240545537,267.118340805422,135.798274256413
Rocket_Body,Small,Low,11.2314173284613,18.8204771767534,12.4558136715279
Satellite,Medium,High,17.3438848004354,306.91535215518,28.6577803063024
Rocket_Body,Small,Critical,33.2732432021305,71.3506991118005,66.1132415161976
Fragment,Large,Moderate,12.5067016738966,314.783291414999,87.7135212505957
Fragment,Small,High,66.8237793443426,126.910526868186,122.43417777942
Fragment,Medium,High,48.375852112146,260.166086810815,148.239317271478
Satellite,Medium,Low,59.3330682455219,114.921107203027,58.3277244711174
Rocket_Body,Large,Low,25.7182467306696,326.128201644473,7.11234542101273
Rocket_Body,Medium,High,36.6338826492954,45.5893651866147,120.175725494298
Rocket_Body,Small,High,69.7442027367452,64.2671241381355,90.6571078624212
Fragment,Medium,Critical,96.8772451267359,177.490845057168,29.7814288302302
Satellite,Large,High,14.5375096241988,29.4978380537326,74.224268493213
Fragment,Medium,Critical,90.1345888769739,70.5528664926343,111.346536830058
Fragment,Medium,High,61.9193081180087,339.755897596325,115.561768060296
Rocket_Body,Medium,Low,60.7527610080061,351.536278013239,74.9427617998143
Fragment,Large,Critical,55.0250681686984,135.453358558951,45.7821795193288
Rocket_Body,Medium,Moderate,16.2454677313765,332.382967565016,146.061387305774
Satellite,Medium,Low,18.0889166562544,196.136883242435,99.5043916434739
Rocket_Body,Small,Critical,64.0820805093177,97.1072877145561,61.2356279019448
Satellite,Large,Critical,40.6862714292002,252.863539589015,42.0694836306978
Rocket_Body,Medium,Moderate,92.5541259919912,237.204650366948,109.665447450534
Fragment,Large,Critical,46.5931483623525,356.085114879144,36.3275168390651
Fragment,Medium,High,22.8953312832376,95.4170234673419,25.7564983460532
Satellite,Medium,Moderate,74.3246950151832,241.941420958224,79.4750833443105
Satellite,Medium,Low,36.4018079296908,18.7285518106008,43.4981088966212
Satellite,Small,Low,57.2923276620303,40.9125739308189,94.3357717385422
Rocket_Body,Small,High,72.8049506954653,1.41061498239357,17.690801231135
Rocket_Body,Small,Low,91.0237700081863,359.805845181482,98.2411656850982
Satellite,Large,Critical,81.2972075321508,288.818530973092,42.4944791996553
Fragment,Large,Critical,70.8724961085451,283.220285304074,0.0364401651769097
Rocket_Body,Small,High,71.1669864155629,183.501387103744,19.0404086511264
Rocket_Body,Large,Low,95.1332179628877,108.024149845958,140.042306675264
Rocket_Body,Medium,Low,36.6241687746882,54.4551424065633,130.103195867303
Satellite,Medium,High,10.1000884776568,102.482905984726,35.0413548054355
Satellite,Medium,Moderate,34.4759103458378,135.34963989449,116.755785681823
Satellite,Small,Low,29.6102241664069,272.271634912905,91.2857389760961
Satellite,Large,Moderate,69.5651126602598,194.278244005134,145.63570671748
Satellite,Small,Low,67.0340439788976,27.8941055599737,56.0408489301088
Fragment,Large,Low,63.4115244434251,6.4904432252084,102.219091877575
Fragment,Medium,Low,11.4619098888508,36.8395846322627,9.53035836358778
Satellite,Small,Low,75.5900249005582,147.779536931056,59.4371020224608
Rocket_Body,Large,Critical,39.1177371236942,335.949450137646,144.572649178227
Satellite,Large,Moderate,69.8550390105968,229.464893235319,80.847131167518
Fragment,Medium,Moderate,60.0920585651938,288.657323955185,43.1819255002266
Fragment,Small,Low,40.8457832885116,167.894854021637,18.040644469291
Rocket_Body,Small,Low,22.1118640393697,130.199789950215,105.529251027229
Fragment,Small,Moderate,18.4977007894432,39.0241341779841,96.728406514459
Satellite,Medium,Critical,84.8366499801001,315.335887987033,56.0908070405661
Rocket_Body,Small,High,92.6557787873402,281.937610450045,142.641202779875
Satellite,Medium,High,68.4809242087869,60.522515135181,3.33042194817754
Satellite,Medium,Moderate,19.3090703374435,184.413802995453,45.5585777447738
Rocket_Body,Medium,Low,46.1824495199416,175.454930851648,138.160422944937
Satellite,Large,Low,75.6045280094641,225.03295896715,48.140315747916
Fragment,Small,Critical,80.1838795609061,340.627281836854,37.8379250782755
Satellite,Small,High,20.6396760061979,208.717719034492,80.1330614896871
Rocket_Body,Medium,Critical,10.0027646960844,194.478216040302,123.57026248808
Rocket_Body,Medium,High,74.0923341292544,18.116255856479,15.4720141317541
Rocket_Body,Small,Moderate,42.0936558387585,22.6466913664886,141.45310644686
Satellite,Medium,High,32.9033198456434,67.444844877644,119.260932177174
Rocket_Body,Small,Critical,11.1607722810572,11.6894778090293,27.1875383327327
Rocket_Body,Large,Critical,58.6269466085349,267.607042405204,106.801194179724
Satellite,Medium,Critical,86.6035661883383,260.398909437826,57.7438083956335
Fragment,Small,Moderate,96.1868481645329,48.9802443953914,60.3442017114478
Satellite,Medium,High,60.917045555196,300.988404286301,117.493513865829
Rocket_Body,Small,High,56.3015194965904,55.7229725446003,144.417721197109
Rocket_Body,Small,Critical,17.6550746940317,108.423211319049,18.998380927079
Satellite,Medium,High,59.3985521388339,89.6316836980914,63.0945355318229
Fragment,Large,Low,44.1981171068855,134.030555486297,72.1412412126455
Rocket_Body,Small,Low,64.6421752795219,91.6789557203862,56.4467725432496
Rocket_Body,Small,Low,44.9853713088892,176.022333517842,54.4783685574337
Rocket_Body,Small,High,31.626921110533,146.666837287686,7.84030013423948
Satellite,Large,Moderate,18.5468747705538,355.165016680557,102.830793084393
Rocket_Body,Large,Moderate,38.3426600130006,20.1334860461612,65.4321625680068
Fragment,Medium,Moderate,18.6980350858977,51.1852954994465,29.219070396589
Rocket_Body,Large,Moderate,25.9207255741585,19.0173218070968,122.40502534531
Rocket_Body,Medium,Low,98.8602542721591,225.302830193655,120.384112222744
Fragment,Medium,Low,49.9693201215956,19.623339868939,72.958744213334
Rocket_Body,Large,Critical,57.8684589854514,301.118305455404,44.767599172164
Satellite,Medium,High,88.6256675863493,184.297907045494,95.7139088694678
Satellite,Large,High,99.6012010441619,189.722744849352,43.2228203666104
Satellite,Medium,Moderate,62.4443004410213,202.174022776389,35.4011895485568
Fragment,Large,Low,83.1226438939754,61.4929342702358,109.577198103949
Rocket_Body,Large,Moderate,39.4246921903007,71.1685091212155,6.0487859581426
Satellite,Medium,Critical,37.5169561702562,114.774236234281,14.215270655189
Fragment,Small,High,46.2433348895104,213.658709695866,1.01822610353846
Rocket_Body,Medium,High,70.5256536406284,75.6423993384772,22.9414779713139
Fragment,Large,Moderate,71.3972520329588,41.879421767974,10.3485013065689
Satellite,Small,Critical,38.3715491184505,349.242079110635,149.370355166987
Satellite,Medium,High,21.9888931722965,7.91345333146424,43.3214954931134
Satellite,Medium,Critical,66.9156630818957,288.971065920967,22.390201900387
Fragment,Medium,Critical,21.5493275969888,283.692653847007,36.1494386993876
Fragment,Small,Moderate,62.0643257406397,106.997080984234,140.41883573102
Satellite,Large,Low,72.4079915250678,48.8255817626328,78.0240334536593
Fragment,Medium,Moderate,73.0550346755006,52.4263128139524,54.7227144461785
Satellite,Medium,Low,77.8124899593637,251.075382205389,131.008718686382
Satellite,Medium,Critical,88.5573479409098,231.410372791022,59.2485405823548
Rocket_Body,Medium,Low,54.9963092768309,281.788442730499,50.2512854936543
Fragment,Medium,Critical,75.7224270576614,337.493222063677,31.0923783824603
Satellite,Large,High,65.7255461829253,249.093850775973,56.6695235864117
Satellite,Large,High,26.7975945817914,56.1065531585196,47.5026534025389
Fragment,Medium,High,12.3120680382467,87.6393420355478,101.595593894721
Rocket_Body,Small,Moderate,35.608724710924,303.189743114321,43.437405700609
Rocket_Body,Large,Moderate,49.8730335703857,75.350187300315,86.5799619633842
Satellite,Small,Critical,65.539534998579,26.1080341036133,9.8838247547959
Fragment,Large,High,86.4963397452884,253.18081945521,28.6933735044771
Rocket_Body,Medium,Moderate,27.6621145035549,144.909487976451,61.1107907417023
Fragment,Large,High,21.2994810908629,331.214418916525,140.542388086304
Fragment,Medium,Moderate,96.7131952726894,234.091825593718,56.5877978573543
Satellite,Large,Low,19.7240103438766,32.5508320049978,99.6111181799751
Rocket_Body,Medium,Low,53.064196309647,341.228364211317,38.2630833632097
Satellite,Medium,High,62.7007355913971,93.0806149104885,19.0550363959847
Rocket_Body,Medium,Critical,58.7236978816694,121.396496546262,8.78049001200751
Rocket_Body,Medium,Moderate,17.7428941329648,144.813748926075,45.8120247814127
Rocket_Body,Small,Moderate,15.1324222603257,18.4407467055527,23.6491540195361
Rocket_Body,Medium,Low,19.4935084714932,178.745552003017,26.1015672024186
Rocket_Body,Small,Low,62.7028915485351,44.3946567871052,114.113896258042
Fragment,Small,Critical,58.9910398870888,144.349317607806,2.37571064173113
Satellite,Medium,Critical,31.0366712833069,126.25552367715,83.6715188603151
Fragment,Small,Critical,67.3996727661032,278.222430033541,56.9192070890197
Rocket_Body,Large,High,83.8060751850084,289.141384187783,75.982499986282
Satellite,Medium,Low,13.7421063861934,55.2286376600716,84.4245355821904
Rocket_Body,Small,High,54.8316949193238,131.958427456521,47.0051541685917
Satellite,Medium,Low,72.0379370892421,134.407137971459,44.2663290276427
Fragment,Medium,Low,32.7080734362718,54.5077598169906,110.010277400235
Satellite,Medium,Moderate,37.6993814763834,287.443261818428,130.691548218173
Satellite,Small,Low,65.2274112690445,254.602198200752,28.8872448687791
Satellite,Large,Low,90.8141764099363,68.5374430669325,14.6428140802723
Satellite,Large,High,82.8931978272609,132.019887093767,134.669370958803
Satellite,Small,Low,62.4817197189625,38.0898089483451,52.4843195471098
Rocket_Body,Medium,High,75.7199545981524,226.154374953495,82.6976085994221
Satellite,Small,Critical,42.8340223187018,43.693892837503,53.9314716780005
Satellite,Small,Low,67.6868975288882,354.93630070497,18.8703504519076
Fragment,Small,Low,51.9563432014801,281.04554688763,88.3997467421592
Satellite,Medium,High,27.0942522811804,140.485877850238,78.7711277654444
Fragment,Small,Critical,73.1564446489531,208.283015620567,30.4490338786795
Rocket_Body,Medium,Moderate,60.0818173613939,328.083053837907,67.7803566978416
Satellite,Small,Critical,42.2759423758232,199.475740942497,119.542125602346
Fragment,Large,High,92.0205271070767,62.8194551032638,88.5639154661837
Fragment,Small,Critical,11.8840706044059,136.333208009217,14.5375990600492
Rocket_Body,Small,High,38.4195836124546,303.532151410708,82.2032245843702
Satellite,Large,High,15.1193257999881,231.916685756262,105.410744893438
Satellite,Medium,Moderate,78.9874584599464,234.260778360168,118.905510867112
Fragment,Medium,Low,73.1896708702413,312.055734847856,94.36763679514
Satellite,Small,High,39.8216996862685,321.830300686501,22.8987246811175
Fragment,Large,High,70.8096611986365,331.125325840597,106.525989988524
Satellite,Medium,Moderate,45.6343503576354,34.1457095711361,101.601276912227
Fragment,Small,High,78.0628412280191,195.885360706716,3.66403244109498
Satellite,Large,Low,50.8765296463035,266.583427638594,61.7621501385364
Rocket_Body,Medium,Moderate,47.1051755048499,272.493664245725,49.9425370443559
Satellite,Medium,Low,94.125692393947,218.417832709201,100.411809638046
Satellite,Large,Low,32.579118990163,60.0434406661227,32.4203718466381
Rocket_Body,Large,Moderate,20.8402605996908,287.071399418999,88.6307884461387
Satellite,Large,High,62.6088801933512,259.24008006538,136.980894272125
Rocket_Body,Large,Low,97.2389631055761,31.008877757653,119.670355831291
Satellite,Small,Low,44.0055292354468,166.971536882775,138.218660432479
Fragment,Large,Low,15.5833087265903,62.6318638278492,146.775895039903
Fragment,Medium,Low,40.537474057861,121.491736456669,1.60051905092441
Satellite,Medium,Moderate,55.5338488887602,6.50919319404675,93.4111914566216
Satellite,Small,Moderate,24.5730705968992,144.118752627872,61.9259096638359
Satellite,Medium,Critical,69.2291996250842,197.955691616235,128.978173550268
Fragment,Medium,Critical,99.797445010918,223.049733417751,37.7722053013697
Satellite,Large,Low,50.6565528383299,238.856524246335,147.154423367261
Fragment,Medium,High,41.9255701057191,301.064872716885,92.056195431562
Rocket_Body,Small,Low,46.063375015102,77.5666466192628,119.030610334324
Fragment,Large,High,20.3631560555681,43.3734560778484,12.8399329234152
Fragment,Large,Low,89.4946241283601,306.553381883253,27.5186827138297
Rocket_Body,Small,Critical,47.3343089969216,56.3806133613539,113.76055095513
Fragment,Large,Critical,44.8546970282357,350.91362928103,3.29797830589854
Satellite,Large,High,69.3721245637426,303.313762583509,122.531697884067
Satellite,Small,Low,49.7830078838011,180.315578120255,2.09235280378671
Fragment,Large,High,68.3410121927061,353.311712971929,98.567825859191
Satellite,Small,Critical,15.5301661117708,35.0556224788815,54.7640880347708
Fragment,Small,Low,83.2351009350004,109.103674023036,91.7242279078798
Satellite,Medium,Low,94.6453557591462,229.76078941462,104.404711048367
Satellite,Medium,High,68.3888847543447,126.002472650344,51.3712828779456
Fragment,Large,Moderate,95.9109335972929,334.214118713085,16.1943672166253
Satellite,Large,High,23.6289082932966,23.6253917440143,10.4468801622398
Fragment,Small,Critical,52.9674570532318,197.788259541947,88.3404033843821
Satellite,Large,Critical,64.1626060550902,212.711856262241,78.0983030601167
Satellite,Small,Critical,62.3562982679068,234.9821245598,111.330151368169
Rocket_Body,Small,Critical,46.1315601180138,92.0398403994532,76.4603265005905
Rocket_Body,Large,Critical,40.4275968429635,131.243913907151,63.3668685046318
Fragment,Small,Moderate,21.4141620295376,303.724990679391,59.7130767354346
Rocket_Body,Medium,Low,45.256820550605,70.1793968292575,3.96703538965012
Fragment,Large,High,24.6394733594936,297.67242498241,50.3335802544985
Rocket_Body,Medium,High,76.0929108842996,202.555952244987,146.403023628674
Satellite,Large,Critical,28.7947841945131,274.387504029869,131.033336434063
Fragment,Small,High,15.270877475608,256.898651854849,49.4067100551326
Fragment,Large,Critical,59.712952403551,74.7041383385564,88.1693107599558
Satellite,Medium,Moderate,63.5706759447461,204.772585116194,127.094511830324
Fragment,Small,Moderate,88.4721755152455,312.380335009833,66.1911505125103
Fragment,Large,Low,61.9283451175913,155.561845248694,2.69367956252264
Rocket_Body,Large,Moderate,41.0932768351101,347.972677280394,11.176569272796
Fragment,Large,Moderate,82.2710693373688,162.797436036618,76.5589082023059
Satellite,Medium,Low,58.6251003868678,51.4028292004384,145.415906351381
Rocket_Body,Medium,High,17.1352256168072,140.196484827962,103.98143133283
Rocket_Body,Large,Critical,60.9265504281922,342.612866300593,10.6374287157854
Satellite,Small,Critical,91.7216690879496,115.099505762347,28.4041313687794
Satellite,Small,High,45.6681362948398,312.515337552142,115.698471482527
Rocket_Body,Medium,Low,36.669322170982,317.25024540548,126.215963993436
Fragment,Small,High,22.9122511316218,126.067148759505,92.6541879282886
Rocket_Body,Medium,Moderate,23.6300969741821,29.9727568982275,96.6634754444725
Satellite,Large,Low,48.9494335907637,260.840847297174,4.25061755750769
Rocket_Body,Medium,Low,63.6111841745376,112.144427645034,124.279538937226
Satellite,Medium,Low,17.2553864652641,281.852501132726,118.241281225624
Rocket_Body,Large,Critical,94.5611730122649,159.355745373755,38.855271615502
Fragment,Small,High,77.9620255700676,174.696027243343,106.301507994826
Rocket_Body,Medium,Low,62.7961526455296,280.047386429473,32.2281909637497
Rocket_Body,Medium,Low,84.5594803845091,137.650799182186,6.04952415772694
Satellite,Large,Low,17.2168081130901,159.525844316249,30.1704813885565
Satellite,Small,High,52.9154989959811,135.428568757063,26.7943315131449
Satellite,Medium,Critical,66.7083814175497,132.24258549982,50.662199510227
Rocket_Body,Large,Moderate,84.578761550646,189.340767684525,62.7674245763187
Fragment,Medium,Critical,80.512260404434,291.167800020414,76.2808337246561
Satellite,Large,Low,34.9362324742059,130.236592292123,71.5130813262492
Satellite,Small,Critical,94.6792152603283,188.731699393585,40.6011908947934
Rocket_Body,Small,Critical,21.1911257287783,241.461837159336,4.37560028611117
Satellite,Small,Moderate,88.7620256759036,96.9982006693158,90.7652433355726
Fragment,Small,High,97.3846224644156,99.9082097648613,59.3617244771031
Fragment,Medium,High,25.9438170900363,336.028725728443,44.8008236081324
Satellite,Medium,Critical,74.9859457783406,260.472446399191,130.041156424576
Satellite,Small,Critical,13.6256966900198,207.787203440391,112.011496169723
Rocket_Body,Small,High,46.4880542625239,233.17921959142,128.664832255866
Fragment,Small,High,56.4654969277906,10.5477995172306,74.2474192068691
Fragment,Medium,Moderate,62.258070331867,222.51706760221,19.6396878190166
Satellite,Small,Low,94.2343523423703,183.423194360712,104.43321541819
Rocket_Body,Small,Critical,70.5025618564775,196.469884720596,30.9110669905762
Fragment,Small,High,53.3150156097313,129.392577659094,66.1844503637575
Fragment,Large,Critical,82.87075326393,29.330603176659,9.75011834233327
Rocket_Body,Small,Critical,95.5479538858968,69.6021241003387,123.796260363447
Rocket_Body,Large,High,11.9859533814061,342.268096756561,18.891096157125
Fragment,Large,Moderate,98.4269145030434,147.131842417536,135.464626057396
Fragment,Small,Critical,17.7518925157312,168.005936099111,129.634590339233
Rocket_Body,Large,Moderate,83.2948101341885,18.975524347238,69.6874146658869
Fragment,Small,High,35.2301277296271,13.523842635833,111.655230645598
Satellite,Medium,Low,21.8961691978484,258.185320936832,92.9167610727229
Satellite,Medium,Low,49.5870075742451,193.7140790836,120.461346350661
Rocket_Body,Medium,Critical,67.9560921502852,183.134154317856,64.7707651178868
Rocket_Body,Medium,High,44.2856660521127,87.5248309521607,117.871272636652
Rocket_Body,Large,Moderate,14.9108867454429,268.110263386772,69.3685225597721
Satellite,Small,Critical,63.9515025692844,60.565168479057,141.144868176419
Fragment,Small,High,91.2162948499607,68.3765077179672,72.9558151237721
Satellite,Small,High,44.4893829352526,165.856381685379,69.3928907900594
Fragment,Medium,Moderate,29.4699499867744,103.060750360298,117.760779234526
Satellite,Medium,Critical,49.8319611339533,89.0866732439327,123.236653764125
Fragment,Small,High,14.3526439943902,232.285552039199,83.1733671481756
Satellite,Medium,High,83.8438826032247,234.349828278676,26.9696720242613
Rocket_Body,Small,High,84.3706729855168,296.826145127974,70.1637346436369
Satellite,Small,Moderate,62.9200417086665,150.375084110271,145.210875436451
Fragment,Small,Critical,41.779260004455,26.310632769414,112.947928955877
Satellite,Small,Critical,81.9805028001205,98.5198985717247,121.674390581869
Satellite,Small,Critical,59.921832230953,352.801966750854,4.92382482288601
Satellite,Small,Critical,84.3339077695014,214.653087083772,70.1789193951239
Rocket_Body,Small,Low,66.8312913324718,255.505350528367,96.9931700486333
Satellite,Medium,Low,80.5964925891517,2.64881866514923,124.504902544211
Rocket_Body,Small,Critical,63.8706693895984,186.554063585707,7.39104803741572
Rocket_Body,Small,Moderate,47.2726961394099,13.5103167114491,127.86583284628
Satellite,Medium,Low,96.2151273933523,204.922876352921,82.2601405112867
Satellite,Medium,High,58.700244239096,331.477505868987,29.5970955864089
Satellite,Medium,Low,64.4580566686484,348.630886980146,47.588282467455
Fragment,Small,High,29.8438875473274,194.598963140012,42.2894327627341
Satellite,Large,Critical,66.3085710484548,164.953729890797,79.6288551432713
Rocket_Body,Large,Low,61.4446884534649,340.206153929457,7.75285198666977
Satellite,Medium,Moderate,26.6354558152322,242.49953951881,23.7804237749885
Fragment,Large,Low,15.3628387617829,23.3637406338274,121.903956506367
Satellite,Medium,Low,64.3923387743294,167.661207960299,19.8905986120216
Fragment,Small,Low,78.7323042415288,86.4882066471494,35.009440418719
Fragment,Large,Critical,57.1061233829807,169.129555721525,68.0055908406236
Satellite,Small,Moderate,30.4095362787681,163.96760592229,77.5681332169995
Rocket_Body,Large,Low,69.9869779023731,209.572129013307,114.541571942123
Fragment,Small,Moderate,17.2095153948642,128.43737652573,67.0998639999281
Satellite,Large,Critical,49.7650334321759,59.1373618041341,118.47969315533
Satellite,Small,High,24.7030082558578,181.338996452384,92.7519460568186
Rocket_Body,Small,Low,26.6013145953895,298.873038364474,16.9649609135733
Fragment,Large,Moderate,28.2064554242383,239.044402104336,23.4497157589257
Fragment,Small,Moderate,44.803635133958,121.812431733077,65.5550588174656
Satellite,Small,Critical,14.6035185058357,336.788288193188,59.5334089633559
Satellite,Small,Low,45.8014096836188,328.394725649705,111.531640445594
Rocket_Body,Large,High,56.053670240323,75.3654237782755,87.1105709696027
Rocket_Body,Large,Moderate,53.4964856469692,14.1903306433306,58.2199621503373
Fragment,Small,Low,44.4505690362736,266.871135006274,25.6140425175578
Fragment,Small,High,85.5231947263677,297.939694085695,34.0255653488242
Satellite,Large,Moderate,23.0794023178453,348.431243742487,86.3251527703588
Fragment,Large,Moderate,55.5127069403236,320.341101871791,63.5158207349688
Rocket_Body,Small,High,15.5837275260898,216.192516554309,77.2391263291008
Rocket_Body,Small,High,16.4040110990118,190.818842116457,25.601615295335
Satellite,Small,Critical,61.6479264709386,10.022778454531,99.4359378516848
Rocket_Body,Medium,Low,60.9416582399038,88.79632086412,127.880811128395
Rocket_Body,Large,Low,89.0230161560011,165.461310623853,38.690926018035
Rocket_Body,Medium,Critical,60.2086308094065,226.261404030084,73.7271338747739
Rocket_Body,Large,Moderate,96.3811918364365,200.610659994627,146.329099353135
Satellite,Large,High,14.3825363559936,267.348956285408,49.9862610826091
Satellite,Large,High,18.8206916302666,100.716095119334,89.2569517385641
Fragment,Large,High,13.9659275413343,203.38293875489,13.5293550300366
Rocket_Body,Large,Moderate,26.6749165300186,31.7312076206851,90.9022503719164
Fragment,Large,High,58.714309984751,148.919588489954,13.4447659956926
Satellite,Large,High,68.1014963284685,270.057899863656,143.885315298573
Satellite,Medium,Critical,14.1026642153801,249.624307234455,107.349397810846
Satellite,Small,Moderate,95.1373800861039,356.631385381984,118.223968220355
Satellite,Small,Low,85.7948838985343,100.040805355592,105.615654115745
Satellite,Medium,Critical,36.6951233941383,179.348147702632,88.4593554114698
Satellite,Medium,Critical,16.9468777203821,118.630948958638,67.4869171628258
Satellite,Medium,Low,25.2898365897151,158.617121061302,128.756006964159
Rocket_Body,Medium,Critical,21.4249972379475,308.502046752979,143.525350131459
Fragment,Large,Moderate,21.0955401369052,246.315267067855,74.8554259356122
Satellite,Small,High,56.670551979916,317.678828885129,139.730257373289
Rocket_Body,Large,Moderate,32.126269824406,73.2639989994791,87.4999364982776
Rocket_Body,Small,Low,42.232574487623,314.410002422917,80.7576280344649
Fragment,Small,Low,99.055480004589,21.5144187042183,68.1724099433035
Satellite,Medium,Critical,71.588282403281,319.895740957374,31.3931642295179
Fragment,Large,Moderate,95.4082600342301,118.466560605862,0.557949122708878
Satellite,Medium,Moderate,22.8300899529804,113.251548029063,36.2259340284091
Rocket_Body,Large,Low,44.3925527349312,184.351887611519,76.4584757405347
Rocket_Body,Small,Moderate,59.9258622954118,338.648467580363,56.9939928389628
Rocket_Body,Medium,Low,16.9082255699864,17.2012912853059,67.272784200395
Rocket_Body,Medium,Moderate,10.3768699265162,126.803151025468,147.097232934607
Fragment,Small,Moderate,70.3390900417225,308.365915926,52.5408556003991
Satellite,Small,Moderate,67.7637565121291,142.579611876768,67.8274409040161
Satellite,Small,Low,46.970992899965,71.6964831349441,20.0273327029229
Fragment,Medium,Critical,54.0679668428829,152.925905279308,7.19365986554814
Satellite,Large,Moderate,47.389870053288,138.798900537,116.311427188874
Rocket_Body,Medium,Low,12.1604540360399,329.549832528013,85.6024762607967
Satellite,Large,Low,40.1834445595716,274.296375267515,114.105720906584
Rocket_Body,Medium,Moderate,25.937402985756,181.841600067842,22.4794198329827
Fragment,Medium,Moderate,18.8581770191231,355.813404019765,85.7743156774036
Satellite,Small,Critical,96.1048390500414,167.499911259332,38.0463711512063
Fragment,Large,Low,63.9423752537949,20.965619095299,34.2092725350029
Satellite,Medium,Low,75.5790655812942,94.4187558533945,1.72890210794778
Rocket_Body,Medium,High,38.3827368939505,156.985372878952,19.5511085353607
Fragment,Small,Low,45.3832416544613,56.4849446926032,46.3902167249543
Satellite,Small,Critical,31.3231594507051,341.123445476655,17.5318140886408
Rocket_Body,Large,High,18.7269103868882,276.065603214398,147.87876606164
Fragment,Medium,High,26.1128473697425,96.5833921539981,46.2948972785926
Fragment,Large,High,81.7762640766837,212.689632066449,19.5485920053492
Satellite,Medium,Moderate,70.9791224665398,259.721696559445,29.8623469241936
Satellite,Large,Moderate,59.2235988386929,338.860414406447,88.1554842512214
Satellite,Small,Low,52.7580885580091,317.388725703147,9.60652857971827
Rocket_Body,Medium,High,93.0190855290512,185.469201409756,129.365119521173
Satellite,Large,Critical,16.5461453000801,278.874943125486,144.224951885572
Fragment,Small,Moderate,35.2540731914124,202.37211137793,37.0121131001071
Fragment,Small,Critical,41.4944068213642,198.973400416394,67.5142902886289
Satellite,Large,Critical,80.4183230991509,41.307105001749,3.32016765442456
Satellite,Medium,Moderate,99.3263158145774,45.4095568858147,96.1065337090832
Fragment,Medium,Moderate,31.6603463281437,190.632101408084,62.0889087078883
Rocket_Body,Small,Moderate,88.6876600723372,96.7901561924423,40.5087699152333
Satellite,Medium,Moderate,84.7560484388612,7.5732848857687,31.0255665924912
Satellite,Medium,High,30.2191657877589,260.222113404076,98.103461648814
Fragment,Medium,High,45.93993221793,11.6951748084593,62.4325546548471
Satellite,Small,High,46.8705582363267,214.299662797459,26.9488933544868
Rocket_Body,Large,High,98.0398601673902,194.109765885833,103.366362223023
Fragment,Medium,Low,26.2802711241008,348.773288608009,84.760842455504
Satellite,Small,High,81.9242173994303,174.316730165151,128.800808239424
Fragment,Small,Moderate,40.0773442755798,22.896517096007,17.6213848314739
Satellite,Large,Critical,75.7783311198544,198.607668410326,117.849990291668
Satellite,Medium,High,47.8009903866096,302.794621421796,101.027518022588
Satellite,Medium,Low,62.0523786804886,358.865742341318,17.2516405242146
Rocket_Body,Large,Moderate,84.9350595993518,154.923542528066,104.223109480758
Rocket_Body,Large,Critical,82.3749008485495,115.307547298827,66.2320933319745
Fragment,Small,Critical,87.978086518573,326.395186902719,141.747717833376
Satellite,Small,High,15.3655592810193,68.8471664674037,21.2417025926848
Satellite,Large,Critical,72.284549773577,221.554409411853,96.4250086223606
Rocket_Body,Medium,High,22.5988639049586,146.057192705141,57.2970068194418
Satellite,Small,High,47.4236711216569,14.7896513839999,143.522200588631
Rocket_Body,Small,Moderate,59.3729573549219,125.023850750051,49.4962342935414
Satellite,Medium,Moderate,46.2465536272147,95.4822681009628,144.32788642377
Fragment,Small,Low,56.7650508222706,246.992815419655,135.222877665112
Satellite,Medium,Moderate,99.6873677918757,341.56457916909,40.5574852965984
Satellite,Medium,Moderate,22.1695582341569,96.4969874563096,120.531266523964
Rocket_Body,Medium,High,70.7910440802783,292.127738094605,149.340630270525
Satellite,Large,Moderate,45.6400869747053,19.9295340978274,37.8994503256923
Satellite,Large,High,21.9708819016595,193.723563614332,65.5165753984979
Rocket_Body,Large,High,24.2863087036878,25.398022935562,78.0271104850139
Fragment,Medium,Moderate,95.4345795621055,336.25187680703,44.2396703705796
Fragment,Medium,Low,89.1641347040585,275.88646100066,2.28972594690446
Rocket_Body,Large,Low,91.6337764373519,236.861968033653,33.019386629629
Rocket_Body,Small,Critical,99.2379498244647,296.602697384879,42.2905326512637
Rocket_Body,Medium,Critical,28.7483851007666,233.107126405258,66.539955197728
Rocket_Body,Small,Moderate,41.9895403627655,348.819982982744,25.6653717620102
Rocket_Body,Small,Low,70.229712693238,257.024861231317,130.98815350375
Fragment,Medium,High,53.5422285874582,332.877099449608,105.7366699097
Fragment,Medium,Critical,47.65505800405,186.167481123829,12.7800716339492
Rocket_Body,Small,High,42.2030124402033,42.1431886734705,97.5138676709897
Satellite,Small,Critical,63.4402568749107,190.143979712286,98.048471460843
Rocket_Body,Large,Moderate,61.8034085776073,45.6742181027135,143.433176046544
Satellite,Large,Low,24.5312050657816,213.297652503505,0.453130703424187
Rocket_Body,Medium,Critical,52.4565853766595,173.697501789958,37.189867470871
Rocket_Body,Large,Low,59.8124598588864,224.127143219801,139.168721906297
Fragment,Large,High,61.3258244858251,3.61691317973937,139.820087309742
Satellite,Large,Moderate,28.9096473621116,70.142576995931,108.087962905595
Satellite,Large,Low,76.8044253027058,176.878955488367,114.864498157131
Fragment,Small,Moderate,12.2679185338962,342.181282172088,13.722443689447
Fragment,Medium,Low,41.9348669988846,138.099254527857,77.081375216735
Fragment,Large,High,80.219138368207,152.773929379308,34.7374486933499
Fragment,Small,High,60.7503628949862,257.290592042384,27.1827065420425
Satellite,Small,Moderate,33.5046189259774,217.365392623002,121.545494868499
Satellite,Small,High,72.5457807408742,107.613414035399,20.2557205020821
Rocket_Body,Large,Critical,61.0651849740466,147.893902404274,70.2977455494577
Rocket_Body,Large,Low,81.6619248510748,78.3719275886036,140.786735937904
Fragment,Medium,High,76.1522667570841,347.767725286875,27.8748083348013
Fragment,Large,Critical,64.9097129832611,47.0283773606495,146.699013560735
Fragment,Large,Moderate,53.9359907779732,133.861242443911,149.143197864158
Rocket_Body,Small,Critical,21.9863913100771,9.30202999920402,83.3425732023604
Rocket_Body,Medium,Moderate,33.5199716096845,79.8406170960767,25.5214110265736
Rocket_Body,Large,Moderate,47.7189525625376,280.969609816855,47.4157331911343
Rocket_Body,Large,Low,63.9369358305749,72.4230836239966,63.6739249014802
Rocket_Body,Small,Low,56.2337069693774,28.8228249104276,46.3986336537334
Rocket_Body,Small,Critical,35.9366073363576,170.803144744028,42.0953369814773
Rocket_Body,Large,Low,10.5817922010739,3.58892450442665,145.834456382453
Fragment,Medium,Low,54.6615299710732,30.5158155934799,23.0047241123618
Fragment,Medium,Low,35.7063389706018,290.745313042671,109.999186307529
Fragment,Small,Critical,76.1147470639481,277.730404149458,0.0615434158762306
Fragment,Small,High,12.1551638743435,329.449975345762,89.4274004103565
Rocket_Body,Large,Low,62.6345030175211,307.625556927869,137.391450593107
Satellite,Small,Low,94.7326813755458,245.943202766334,43.1901141139828
Rocket_Body,Large,Critical,25.6968340400349,18.8398286282386,27.8288962886578
Satellite,Medium,High,52.4484541675535,281.825502475196,97.751969231764
Fragment,Medium,Low,18.2279792635424,304.383891902601,106.890211094758
Rocket_Body,Large,Moderate,66.3113721035217,287.669572477903,103.204577842797
Fragment,Small,Critical,59.5478512536603,183.052452710889,47.8975320032061
Rocket_Body,Medium,Low,46.6628971791549,83.8446619138134,37.8303603238996
Fragment,Small,Low,56.9239319326367,304.318791247941,143.387819994306
Satellite,Medium,Moderate,90.6917192622109,261.778611506449,138.494926240489
Satellite,Large,Moderate,27.666487207996,353.074022779986,68.597491483923
Satellite,Large,Critical,12.0308060534812,56.0493351921358,126.929079923156
Rocket_Body,Large,Critical,87.549839622919,81.2392498987398,67.8485216451444
Satellite,Medium,Moderate,61.9405374149115,76.2473339573409,63.6583527108765
Rocket_Body,Small,Critical,90.1592609915658,285.314316343681,23.5144421398942
Satellite,Small,Moderate,63.7250701071855,67.2866267220425,63.9609084737959
Satellite,Small,Low,82.9144980963732,23.9975387363901,80.612540789971
Rocket_Body,Medium,Moderate,48.6706027019633,359.481890370826,3.37564911430297
Rocket_Body,Medium,Moderate,77.4873938159441,8.93419612025369,66.6169507763109
Satellite,Medium,High,92.173732020087,300.687861657191,117.20343275928
Rocket_Body,Medium,Moderate,61.4910667349985,131.532062958235,102.00690845614
Satellite,Medium,Moderate,26.2706635506141,302.981565512813,95.2735483295902
Rocket_Body,Small,High,34.1917853527178,199.663376836012,136.43331426558
Fragment,Medium,Critical,27.8780119207665,324.587242615089,2.7048014737845
Fragment,Medium,High,32.2171324836159,333.429475109265,83.5571379288351
Fragment,Small,Low,37.5773904415932,3.27534526107935,118.102327261456
Fragment,Medium,High,59.9620408077869,27.1483833574037,81.20030740519
Fragment,Small,Low,62.9192466517449,90.1291426455079,48.5843328870568
Satellite,Small,Critical,48.3849772517675,240.95354989086,20.4375847637966
Fragment,Large,High,65.3878701838751,319.777990744142,133.134460772428
Fragment,Large,High,17.3417433050229,165.579102465826,70.6143588581404
Fragment,Large,Critical,17.9009413352343,218.510321858735,131.717279547855
Fragment,Large,Low,25.4646514321892,67.859947006402,87.8778183649752
Rocket_Body,Medium,High,56.626974823631,289.788060197406,101.12881749225
Satellite,Large,Low,29.2595210828482,348.238120087249,120.639173156767
Fragment,Small,High,35.4955963143319,96.695615849255,98.8733316900201
Fragment,Medium,Moderate,46.0281552555694,178.137342576196,59.7082261018406
Fragment,Large,High,83.0679511609341,31.0017997822945,77.0450075892976
Satellite,Small,Critical,11.2475922321574,201.289196326668,120.456828701381
Rocket_Body,Medium,Critical,68.444093821296,181.002039064805,56.0475444559476
Satellite,Medium,Low,70.1988877936616,51.9971342958279,58.2182185152745
Rocket_Body,Large,High,81.8790202320972,159.143836722507,14.3535174087001
Fragment,Medium,Low,93.9477645154281,120.277674751162,137.187665283262
Fragment,Small,Low,11.812406405436,187.859115109868,13.6554472418162
Satellite,Medium,Moderate,23.8405334961894,210.835560754367,97.2313766172833
Satellite,Small,Moderate,89.7554164650393,3.05840829859542,61.9791718204196
Rocket_Body,Medium,Critical,51.2666705968313,273.962153861839,60.8429085383163
Rocket_Body,Large,Low,60.8131575040117,256.685145070226,101.932775485902
Satellite,Small,Critical,69.6724483350832,131.863099034347,10.0640598944818
Rocket_Body,Medium,High,71.1159944046073,19.0569368047745,89.0558674427152
Satellite,Medium,Low,93.8566362984857,271.775714322618,115.804767895853
Rocket_Body,Medium,Low,99.7254475670502,343.863057772127,124.231913682989
Satellite,Small,High,74.8141714837846,86.4545745679251,25.5795584090662
Satellite,Small,High,35.8499088284635,116.468860945333,134.612857511726
Satellite,Small,Critical,89.1777162064909,66.1726402134533,98.4219137771163
Rocket_Body,Large,Critical,14.4298823086685,207.697004404142,132.278220123102
Rocket_Body,Large,High,30.7972767587046,55.7429020730837,72.7921075665297
Rocket_Body,Small,Critical,90.7647145717343,128.229819646096,81.3050017645803
Satellite,Medium,High,33.0572362995419,250.924685016334,137.8557415543
Rocket_Body,Large,Low,29.8585953659573,201.641753883365,134.9864315032
Rocket_Body,Small,Low,22.4312763826222,139.126523158056,67.2241310053503
Satellite,Medium,Moderate,87.3200581882224,151.289856650715,41.1618947453522
Fragment,Large,Low,55.0052433271978,202.359917744362,58.9755651846396
Satellite,Medium,High,70.7403882748739,2.11130203937806,58.1646492794624
Rocket_Body,Medium,Critical,31.5159745667526,28.2635526432995,43.030031247419
Satellite,Medium,Moderate,78.2236378910094,317.252904394684,40.2869406499449
Fragment,Medium,Critical,78.4004990465888,28.0364360728646,129.159440471957
Satellite,Large,High,38.133822241747,254.449294635781,10.4792881026992
Rocket_Body,Large,Low,46.9614369709254,331.213739079258,101.641677314939
Fragment,Large,Moderate,28.872124968718,97.4460975486232,25.9230077184678
Rocket_Body,Small,High,97.8904920990613,133.376917341425,51.6758840091094
Fragment,Large,Moderate,68.104231935257,204.811706104097,9.23145512022553
Fragment,Medium,Moderate,94.1089492643964,317.41522906989,40.4960455283193
Satellite,Large,Low,37.3046989266219,339.086011413751,115.263160667586
Satellite,Medium,High,80.37018216972,266.242769320056,132.752298682088
Rocket_Body,Small,Critical,78.9272779496267,31.1831139076898,33.229072785355
Satellite,Medium,Moderate,72.2490086679887,240.895495992546,69.5321758888382
Satellite,Medium,Moderate,96.907507774012,147.709339874158,70.5486071905809
Fragment,Medium,Critical,45.4199802495684,169.452359816782,131.03629586396
Satellite,Small,High,21.7645591230781,17.6934205242637,114.41985793137
Fragment,Large,Moderate,70.4537973319654,68.7823701646889,76.9615827552074
Fragment,Large,Moderate,75.6378820429485,284.584898712113,100.612080070766
Fragment,Small,Moderate,61.7554516112933,163.425179897229,127.103258086405
Rocket_Body,Medium,High,28.6136103820056,108.598406987213,1.43084310383174
Rocket_Body,Large,High,55.4010347502419,138.246866627384,60.4335046575072
Rocket_Body,Small,Critical,38.0970762912216,307.583824797244,136.086475091561
Fragment,Large,High,48.471987535002,269.639646265784,111.046954626592
Rocket_Body,Small,High,68.0696718260197,98.0335429851898,81.4262061501112
Rocket_Body,Medium,Low,77.0693268421751,42.3006624764543,79.44667905527
Satellite,Large,Critical,30.9002221811208,90.7193597918658,52.1655146406656
Rocket_Body,Small,Moderate,46.4792824582258,331.472322379704,78.0780800462271
Rocket_Body,Large,High,34.2245413892466,209.371981625911,98.3074799195179
Fragment,Large,Moderate,27.8768452475682,192.052875148121,62.7544557643189
Fragment,Large,Moderate,80.5048497996254,214.701695889286,107.122971958826
Fragment,Large,Low,91.8327424993293,131.770175668745,129.184834089057
Fragment,Small,High,43.3208967116119,290.558527315024,23.2027272277291
Fragment,Medium,Critical,77.615103193639,188.383049748089,67.7320534226136
Fragment,Small,High,90.7295760427969,42.0292449967663,61.2030136927621
Rocket_Body,Small,Moderate,86.1511789477208,46.4634449384626,103.119720607459
Fragment,Small,Critical,26.4532049685303,193.269292740942,37.4801197886894
Fragment,Medium,High,96.0662693362025,337.165278505502,96.0376372428414
Satellite,Large,Moderate,43.9008796386516,111.006763803431,131.623386259723
Rocket_Body,Large,Moderate,40.5316595056452,313.034820789318,62.7197399690434
Rocket_Body,Large,Low,15.6188194550002,275.074411168396,136.652354996883
Rocket_Body,Medium,Low,53.7556288694394,89.2124794464864,148.974560840021
Fragment,Large,Low,19.8112254076835,13.0826693938472,15.9138074921928
Fragment,Medium,Moderate,32.3685838834683,36.6650154512577,34.9579781977287
Fragment,Large,High,38.5248359590553,262.257816185078,142.556962722313
Satellite,Large,Low,82.7943691142515,71.8811056946328,143.749152972208
Fragment,Small,High,88.7939785356306,133.657531381941,14.6560913080137
Satellite,Medium,Low,37.2219685715322,180.611699762312,2.2497750565705
Rocket_Body,Small,Critical,87.2828309120116,261.168540642058,24.1650034884633
Fragment,Small,Critical,87.1507843632811,40.7632403732851,149.401917507337
Satellite,Small,Low,78.8185855346386,146.291905899886,26.999942491603
Satellite,Medium,Moderate,23.2025602613663,174.62624729137,75.3821410083034
Fragment,Medium,Low,72.1290562210656,194.697743029754,127.262658964576
Rocket_Body,Large,Low,95.0521658122511,294.609830902278,3.06024160323095
Rocket_Body,Small,Moderate,71.4286430890441,61.804150215558,90.6733473387689
Rocket_Body,Large,Critical,39.845516419705,290.819322657584,41.5538173304436
Satellite,Small,High,55.0521385687748,249.436233970794,129.350237465959
Satellite,Medium,Low,68.1152539015948,200.113493111625,42.5191723896118
Satellite,Medium,Moderate,55.9513367855653,251.830033344925,103.013358042286
Satellite,Medium,Low,20.7957647557872,148.326386022596,101.132944867109
Rocket_Body,Small,Moderate,38.0857640186818,49.8231309485248,33.224032328946
Fragment,Medium,High,82.2156427498269,239.675486495532,5.21987998025251
Satellite,Small,High,87.5276241485965,188.882030406824,61.3874360678095
Satellite,Large,Critical,22.3570029444013,230.174928195399,43.3789727948804
Rocket_Body,Small,Moderate,95.7148077158852,121.679561170256,121.346662442056
Fragment,Large,Moderate,39.5940356063748,326.47196784234,120.054628268301
Fragment,Small,Critical,69.6082364857647,211.453152687207,68.5535928288938
Rocket_Body,Large,Critical,77.6642631361013,30.7448943447145,90.9768337984828
Rocket_Body,Medium,Moderate,83.0751611174095,161.929436653594,90.6389273980387
Fragment,Large,Critical,95.1174732003337,272.288179707708,124.073722264143
Satellite,Medium,High,38.162759322594,285.888442223618,63.7503621184796
Fragment,Medium,Low,87.2655809096399,178.054938994953,41.3170019685763
Rocket_Body,Large,High,21.8518213092586,322.109125499268,39.7552377210821
Satellite,Small,Critical,73.4536815718233,96.3606373899471,80.4288418923306
Satellite,Small,Moderate,76.7779956562587,147.815531005775,67.3722304098318
Rocket_Body,Small,Moderate,70.9950917081188,323.494887804829,66.0181156477404
Rocket_Body,Small,High,32.7083262521637,322.652417929768,13.670600863456
Rocket_Body,Small,Moderate,88.5738832313683,246.856596776885,107.790561103529
Fragment,Medium,Critical,25.1972617033355,309.232996963999,32.0605031972866
Fragment,Small,High,14.8271312368747,31.9583761042437,29.5430445313082
Satellite,Medium,Moderate,74.5718491550721,311.398191434799,61.913748041609
Rocket_Body,Medium,Low,52.792814370946,115.423166358081,34.1667512426702
Satellite,Medium,Low,86.4188217962808,64.1993444741578,87.5787400962023
Satellite,Large,Critical,44.5057426952433,86.1731410831366,55.7195009001707
Satellite,Large,Moderate,25.1450729656941,150.468662884999,67.3367583889185
Satellite,Medium,Critical,85.2797973222882,90.4291216576082,80.5753982406043
Rocket_Body,Large,High,59.4018668476064,115.404330965939,30.5303283722707
Satellite,Small,Low,27.0276213151319,48.5922549857911,23.3627434298294
Rocket_Body,Small,High,74.8345598727801,106.623635601239,132.06328543104
Rocket_Body,Medium,Moderate,56.000227464055,206.02217323512,65.0585554247131
Fragment,Small,Critical,64.3881684016287,159.067334912783,61.8140414448808
Rocket_Body,Medium,Critical,51.4808504385923,124.818754044928,5.34182254092622
Fragment,Medium,Critical,84.5838085436205,268.722766388561,74.6964453881089
Rocket_Body,Small,High,84.6606444114745,321.663589701594,83.12545824165
Rocket_Body,Large,Low,73.8449939641947,272.444120244862,83.8261306431999
Rocket_Body,Small,High,19.4861239656816,119.520252762364,106.054675398432
Fragment,Small,High,85.4968475713662,267.999180421519,26.6222752486517
Fragment,Medium,Moderate,70.3911682479618,54.7128656906584,37.8334701345928
Satellite,Medium,Moderate,72.7321749403869,46.9144757128647,121.609569784561
Fragment,Medium,Moderate,42.6684556363484,124.425733333017,142.075592526509
Fragment,Medium,Low,89.1351600541306,290.77285285586,20.389912105098
Fragment,Large,Low,75.2834440211371,88.6853690072286,74.6474331757827
Fragment,Large,Moderate,20.1331419876275,22.7712272035246,32.126437910938
Satellite,Large,Moderate,46.7000230965546,47.4154326742878,9.01097525324736
Fragment,Medium,Low,89.7742325764127,309.148188670648,48.8255007189203
Rocket_Body,Medium,Critical,14.2477031527641,228.161982509023,21.5531437776319
Rocket_Body,Medium,Low,96.5274957677844,91.1524188131916,106.489961015136
Fragment,Large,Low,71.1246311487606,199.906497118145,80.0588120507166
Fragment,Medium,Low,66.8238379879038,189.928664073126,21.5751706485466
Rocket_Body,Small,Moderate,34.3503330839192,235.956952238638,1.38623826082715
Rocket_Body,Small,Critical,32.3912609865259,83.9475195917818,121.223557353631
Satellite,Medium,Low,94.7852397539736,311.185075389983,26.4291609246371
Rocket_Body,Small,Moderate,36.844520881071,111.372682348804,90.9324963331149
Rocket_Body,Small,High,79.7954767047099,249.887395431445,50.5382869615118
Fragment,Large,High,45.3809618386371,5.80487269399736,87.8228907472553
Rocket_Body,Medium,Low,22.5328663706233,134.156566761893,47.3480440473486
Satellite,Medium,High,10.9643767925823,126.61553446517,13.0409341038381
Rocket_Body,Large,Critical,58.9831603313725,195.654394289885,33.442501283663
Fragment,Small,High,97.8200936694039,26.1850542397907,28.2087849718613
Fragment,Small,High,43.2222574428284,284.447294541399,64.2029028659465
Rocket_Body,Medium,Critical,42.147310059374,78.4010886363246,98.7425675139236
Fragment,Small,Low,40.9682456064497,243.733613357523,39.5709112419536
Satellite,Large,Low,56.8489453574372,289.156364367873,1.81049029509269
Satellite,Large,Critical,49.6598395081864,202.275704246944,77.8406046397135
Rocket_Body,Medium,Critical,89.1923164054313,266.717954419914,90.8639234038458
Rocket_Body,Large,Critical,55.4968712551141,238.269712397401,144.430574100271
Rocket_Body,Large,High,55.6982054369711,127.990726974722,88.420620463987
Fragment,Medium,Critical,22.45344352485,291.189074052083,70.6758839067212
Satellite,Large,Moderate,98.4465586819347,106.09249315879,86.0102438846555
Satellite,Large,High,32.4975601781946,205.636650390546,139.185094479304
Fragment,Large,Low,16.6027660713642,268.343186090954,124.256721840246
Satellite,Small,Low,69.6831624077687,136.424127532502,48.4468100045712
Rocket_Body,Medium,Low,63.5829733141185,108.996338742273,35.5881545485705
Rocket_Body,Medium,High,47.3631088593471,165.364563662216,39.395041854911
Rocket_Body,Medium,Moderate,47.997301049261,294.466857965695,75.6631559572819
Satellite,Small,Critical,80.6557528941788,334.771834732439,111.607417684286
Rocket_Body,Small,Critical,27.6141376089684,196.23002862956,75.4828810774443
Fragment,Medium,Low,83.82279870504,238.127833916514,10.1694593742168
Fragment,Small,Low,68.3872402505516,325.178504006009,108.537105065997
Satellite,Medium,High,47.7072796401571,35.4768665086592,120.895519300643
Fragment,Small,Moderate,51.2225754925481,83.5482880318194,43.4246797679579
Fragment,Large,Critical,33.0982486467486,255.204002250569,99.6188608925025
Satellite,Large,High,77.6902899427277,296.548006288427,63.988785158159
Rocket_Body,Medium,Critical,56.158726807474,308.530450199008,133.367903359116
Rocket_Body,Small,Low,38.8769088474859,149.438583667775,126.78383372411
Rocket_Body,Small,Critical,63.6445104184855,32.162364825072,78.8147997464463
Satellite,Large,Moderate,99.616100684619,157.601331827863,103.725831872039
Fragment,Large,Moderate,49.1736051690898,83.0644524745393,132.502455153315
Rocket_Body,Small,Low,92.8622260700757,104.830723798784,74.3575515117413
Rocket_Body,Small,Moderate,41.0515155932109,278.016320461502,46.9876110733232
Satellite,Small,Moderate,14.9259436232487,27.1897509693192,113.049920686437
Rocket_Body,Small,High,28.3817895731586,297.929238293052,33.0099382177037
Satellite,Small,Critical,47.6825628994915,153.9608708967,58.2796722009063
Fragment,Small,Low,29.7671435735112,214.583015196214,129.859085566019
Satellite,Medium,Low,10.0204334396429,32.2748032448444,108.663351040397
Satellite,Small,Low,92.3501383972774,121.44926820862,60.5716507871248
Satellite,Large,Low,85.9491470107836,32.2923308453444,32.2116753612536
Satellite,Medium,Low,76.8063008338252,346.155740237199,53.3952586248354
Fragment,Small,Moderate,25.1033136081425,290.61419375745,42.6156223841149
Fragment,Large,High,20.8327218588987,165.467791568325,26.413393191578
Rocket_Body,Medium,Low,16.0844274525144,80.4969173965216,111.499937034848
Fragment,Large,High,75.1626269895629,336.043837889946,37.8104830275257
Fragment,Small,High,93.5927164619096,124.054774461709,68.1251205251645
Rocket_Body,Small,Moderate,48.7482238821733,57.9543954074549,57.8789170254163
Fragment,Small,Low,20.7226604796443,202.739179843423,147.311606795344
Satellite,Small,Moderate,56.1153538658895,339.758683324133,58.663836622233
Satellite,Medium,Low,41.3948716712767,1.37890458011612,11.9973724195132
Rocket_Body,Medium,Moderate,43.7342431914997,85.7249435714395,13.4738628858126
Rocket_Body,Large,High,65.9197561740136,337.841150547746,88.6130582029597
Rocket_Body,Small,Low,74.6846301935982,61.5909480685783,89.9045327607398
Satellite,Large,Critical,19.9543238985844,40.7676425903351,62.8138485723982
Fragment,Medium,High,13.2031207725828,205.267397687929,64.7765538468044
Satellite,Small,Critical,99.4897272417143,310.263776386138,8.08988742613068
Rocket_Body,Small,High,30.9455514023996,171.759534369813,77.4819765583893
Fragment,Medium,Moderate,14.8447472417613,358.043132406428,75.7109213070527
Fragment,Medium,Low,27.0887796186328,244.501811833677,22.4323977835416
Satellite,Medium,High,13.5062061713617,26.6669665957611,15.5759079166391
Rocket_Body,Medium,Moderate,45.2629805155454,357.419567405511,18.5358735899235
Satellite,Medium,Low,82.2161606006191,146.841925240868,15.1542369736887
Fragment,Small,Low,40.7120004781948,103.464912184373,91.4562293305139
Satellite,Medium,High,49.9765066190529,200.836506088038,29.4723978604377
Satellite,Small,Low,70.8028096210694,109.550733055511,37.7145228281195
Rocket_Body,Small,High,55.8004663062892,31.1247025632548,26.0358216227159
Rocket_Body,Medium,Low,87.5301117419191,0.514203508503619,143.675295667275
Fragment,Medium,Critical,87.943210754118,161.850007051294,128.192619472775
Satellite,Small,Moderate,10.8919625942038,301.270832001573,34.5742256027281
Satellite,Medium,Critical,80.0241675834879,206.033466826827,49.1349440883188
Satellite,Medium,High,51.4660240217506,359.714627619638,31.4839263457495
Fragment,Medium,Critical,98.9956487173296,103.264792432992,73.7813939191235
Fragment,Large,High,53.4908868287891,100.963823313619,2.94157987113803
Rocket_Body,Small,Low,98.8206350849467,57.5098056842199,100.705201334519
Rocket_Body,Large,Low,77.9112425085163,59.0628917755206,78.4737224726462
Rocket_Body,Medium,High,32.3744396151975,102.667174563617,134.795839245165
Satellite,Large,Critical,58.4555481358261,285.422416298469,24.6589026492621
Satellite,Medium,Low,99.2922075530724,326.072444629121,120.616386909169
Rocket_Body,Large,Moderate,87.1777546976731,351.031381094765,118.794152170007
Satellite,Medium,Low,18.7630204412099,83.6242754747229,19.077178382533
Rocket_Body,Large,Moderate,73.5734797128996,317.267116421073,59.7838836216191
Fragment,Large,Critical,41.1021627283731,118.171832139841,25.5228961716775
Rocket_Body,Large,Moderate,10.6284035692313,40.6225960260783,38.2080750686323
Fragment,Small,Moderate,46.3132872124299,313.208973187259,39.4869262245816
Satellite,Large,Moderate,31.1278979552474,228.998028471702,83.4354591038659
Rocket_Body,Small,Moderate,83.6982343468424,59.3031225891822,61.7116397640698
Satellite,Medium,Low,40.3597547961188,154.73925270468,142.159920600945
Fragment,Large,Moderate,84.4771324558435,103.412770155744,18.9555212920507
Fragment,Medium,Low,10.0538144951315,265.24604473567,146.053820227529
Fragment,Medium,Moderate,37.7037235023507,163.229843024736,34.5957960321395
Satellite,Large,High,31.7048692876985,356.140780238298,115.931090457277
Satellite,Small,Critical,31.0210624961749,19.7081936134542,50.8454889259232
Satellite,Large,Moderate,16.1367957788916,127.805495809048,21.462209312597
Satellite,Medium,High,26.8411843369451,173.484060159591,128.683377786935
Fragment,Medium,Moderate,59.9994612897057,181.128079709395,46.3291348854694
Fragment,Large,Moderate,36.222496555397,113.736896058829,98.8283106340263
Rocket_Body,Small,Moderate,47.5655304096233,262.526489675124,84.9665527629939
Rocket_Body,Small,High,43.9180192312469,314.90894645603,70.7634464086311
Satellite,Medium,Critical,88.8314432499905,337.93894871203,74.3729208972808
Fragment,Medium,High,91.4769099109463,289.833615647829,109.835687113843
Fragment,Small,Critical,54.3661274490274,306.208871030375,13.165937118516
Fragment,Large,Moderate,39.7140355284043,198.196308223198,100.227099293685
Rocket_Body,Medium,Low,19.6120633602127,297.319761513653,134.371815209786
Rocket_Body,Small,Moderate,95.8062591443885,109.261407293262,8.66822955297962
Fragment,Medium,Critical,15.4204250410267,143.452354359317,21.09800088505
Fragment,Large,High,36.7885249811452,114.088684974675,107.494790505304
Fragment,Small,Moderate,36.8259581053003,168.259440761253,65.5922472366926
Rocket_Body,Medium,High,38.8361157526193,102.808661845909,60.5322931220532
Fragment,Large,High,24.7858158945168,346.1801192116,20.5449951816353
Fragment,Medium,High,80.4845287831327,112.62406608204,76.0155061076682
Satellite,Large,Moderate,21.024807576939,35.2960337199383,18.9817966794565
Satellite,Large,High,67.1415993237846,189.654179778148,71.493068446581
Rocket_Body,Small,High,21.1461424035235,20.5556682402634,114.542294844248
Fragment,Large,Moderate,16.348207383366,39.7955398710889,38.7396536830745
Fragment,Medium,High,91.8486553317288,78.9801801106486,72.1179252269591
Satellite,Large,Moderate,27.1115889686835,167.166089957571,148.802395409525
Rocket_Body,Large,Critical,83.9125139103733,155.97033563125,102.997563503105
Satellite,Small,Critical,59.0167783996422,287.889070321004,126.203515695779
Satellite,Large,Critical,17.0070867647892,266.21087539828,62.2271409840818
Satellite,Large,High,95.990337229426,153.474585836652,115.179138468878
Satellite,Medium,Low,32.2265050292703,120.133514727226,6.07637594119827
Fragment,Small,Low,87.3680810817345,113.928762262139,18.4366773813367
Fragment,Small,High,25.1929005206107,278.638231425843,30.4605889380093
Satellite,Small,Low,86.8548593927667,18.7460662396571,60.2927886922829
Rocket_Body,Large,Moderate,11.1905931614764,4.61579382381809,126.861731748864
Rocket_Body,Small,Low,56.0602410912532,286.395981093593,51.9399076181895
Rocket_Body,Large,High,79.2498321479401,171.772695356057,98.1931790273194
Rocket_Body,Large,High,94.1315965743505,47.1172098792873,106.397144220522
Satellite,Medium,Moderate,91.8281922585838,84.8037364540204,87.9273531132512
Fragment,Medium,Critical,83.766238259288,335.701423115057,53.5862952255204
Rocket_Body,Medium,High,89.9372214695173,309.421071224963,86.5580012570316
Satellite,Medium,Moderate,27.9297717253368,255.52261808063,51.3398389184619
Rocket_Body,Medium,Low,35.5765866140555,173.601082921437,12.5810607828018
Rocket_Body,Large,Low,36.0071672428952,187.316505428898,148.920596727902
Satellite,Large,Moderate,43.9348537901528,351.088032702225,19.0773680448766
Fragment,Small,Moderate,45.3988603346669,347.677359798343,10.8522575754086
Fragment,Large,High,59.0099792189207,77.4968564829003,131.779612381073
Satellite,Large,Low,24.3891787029797,291.997643869914,45.2751991339342
Fragment,Medium,Moderate,72.212199740739,71.007359820126,97.5445461110261
Satellite,Large,Low,25.0809885374055,76.8734920382225,49.3508594493349
Satellite,Medium,Moderate,37.9277633894092,243.393492299247,58.7181406191706
Satellite,Small,Low,55.3010617545538,145.800395491517,39.3169458025194
Fragment,Small,Critical,81.6796505371129,335.355986558347,51.4566008689515
Satellite,Large,High,76.5522309914854,32.0435045625631,61.6050600879814
Rocket_Body,Small,Low,68.098092076947,184.149230691417,108.062410363851
Fragment,Large,Critical,24.0195934522153,330.667750959523,76.7304291352187
Fragment,Small,Low,59.234081105402,325.480917772621,141.534782573546
Fragment,Medium,Low,17.8701851619896,56.3505168296668,6.28205907581632
Fragment,Medium,Critical,43.9626859116985,131.989572034724,75.4602483948042
Rocket_Body,Medium,Low,47.2164877260963,222.88370401681,87.6337183247577
Fragment,Medium,Low,13.5830295501178,57.3821585177047,138.029547911141
Fragment,Large,High,34.6589289522974,348.487981936465,7.37377854321413
Satellite,Small,Critical,96.008452053984,329.309758341957,86.0249377402824
Fragment,Large,Critical,95.826934704672,60.1020644524089,128.044489279193
Rocket_Body,Medium,Moderate,41.7094348827285,43.6159660539547,36.2891592178854
Rocket_Body,Large,Low,13.8790098053491,30.7470538109755,131.44385227859
Rocket_Body,Small,High,26.1185445395363,327.399719053187,2.85651139114377
Rocket_Body,Large,Low,45.2996014090186,69.7045715263658,109.868194370059
Fragment,Small,Low,95.3001728172306,149.862574275967,139.966983175297
Fragment,Large,Moderate,22.7079157183466,161.586491634721,98.5796492460093
Rocket_Body,Small,Low,78.7164259301391,215.643975916884,65.8543865970671
Rocket_Body,Small,High,19.7814285437222,25.8247237490729,6.7321524709077
Fragment,Medium,High,98.3131819652149,81.6331022641857,138.017071998394
Rocket_Body,Small,Moderate,44.3454849198221,335.336539290813,70.5444334037362
Satellite,Medium,Low,79.771108500915,327.027638616685,4.3495116503922
Rocket_Body,Medium,High,40.8331974530018,281.264633066049,103.473160699314
Rocket_Body,Medium,Low,66.4901989442927,6.98444842255755,72.2755880364387
Satellite,Large,Low,27.2814476266033,117.722436658596,18.6517976163616
Satellite,Large,Low,23.1418917367266,226.065144723446,32.1407713965389
Fragment,Large,Moderate,94.4257725611318,99.0684762384512,9.67360206837694
Fragment,Large,Low,92.588255011399,327.451210219359,86.144030956286
Satellite,Small,High,89.8722046191594,228.200206259679,93.3044218878013
Satellite,Small,Low,66.2890105149934,25.8864182339204,75.8613447533166
Fragment,Large,High,82.744139009465,327.242011980853,122.565319950392
Rocket_Body,Small,Low,16.2133243220237,344.79599694344,129.151323196202
Satellite,Small,High,40.1310137701611,27.9764706210211,92.343659502469
Fragment,Medium,High,38.233281228144,191.649684550073,1.91347195611458
Rocket_Body,Medium,Low,67.2080789757351,109.211141597101,104.28444836216
Satellite,Medium,Low,42.0361996123576,141.422067533304,62.6998825380527
Rocket_Body,Medium,High,23.3656103479312,64.674438463923,84.833622483958
Fragment,Small,Critical,63.6820367872189,208.105956724468,97.3620903028326
Satellite,Large,Moderate,83.2945528602173,344.8725671696,52.5354921490615
Rocket_Body,Small,Critical,44.3911145013975,181.106136097779,137.564775775769
Satellite,Small,Critical,21.9041843588633,29.8492493020132,20.0962300124671
Rocket_Body,Small,Low,27.701937758154,223.200480051867,100.726771092155
Fragment,Medium,Moderate,31.3734974652445,122.480278002452,0.653936993487064
Fragment,Medium,Critical,36.9907833695082,308.133068252867,138.697665810777
Satellite,Medium,Low,67.8515563455678,156.484133393929,16.8756199857137
Rocket_Body,Large,Critical,64.0850936083947,69.4222592192084,14.2326345221361
Satellite,Small,Critical,72.6471875410335,68.7980241688121,49.9511449578366
Satellite,Large,Low,42.6251786078361,276.755105059617,56.034942905862
Rocket_Body,Medium,Low,84.159788669198,95.6115353906495,32.1450108484317
Rocket_Body,Large,Low,28.3678895040184,276.20402189732,87.7682491390687
Rocket_Body,Small,Moderate,52.2136672766338,74.1194318759757,66.4371147062945
Fragment,Small,Critical,82.0844849387287,115.807092732471,5.12633835616311
Satellite,Medium,Low,26.2142782959357,167.575310078291,47.947809338295
Satellite,Medium,High,19.8876802366704,339.550505889642,121.564937035975
Fragment,Large,Critical,89.531557091919,335.423312911376,103.45523022928
Rocket_Body,Medium,High,40.8636696483276,74.4738751520236,108.730628036982
Fragment,Medium,Moderate,71.5483112418128,128.958854847506,104.717538612528
Fragment,Small,Low,12.2813743837544,53.783779843358,46.6459532074549
Fragment,Medium,High,72.1042199568504,183.594628552858,14.9495883115163
Satellite,Medium,Moderate,38.4491180392273,165.809718250079,40.8700776049644
Fragment,Small,Low,15.0166768228697,324.273658482263,124.767795027773
Satellite,Small,High,64.8831485393305,334.801936004786,147.07061966746
Satellite,Large,High,31.6723434465855,138.084260762625,74.0770522112342
Satellite,Medium,Moderate,44.8126517846692,177.025659486836,1.45505323845633
Rocket_Body,Small,Low,17.2522731057862,322.645049692607,21.0067218201343
Satellite,Large,Low,23.244692598545,290.414810788222,48.3120862974398
Satellite,Large,High,36.8179511946259,1.31627208407373,86.7878022889424
Rocket_Body,Medium,High,18.0783550504141,115.221443106089,11.264046870797
Satellite,Medium,High,91.9743638217683,151.838727097005,141.503594806482
Fragment,Large,Low,10.544233886558,82.6978621259634,54.7625509926601
Fragment,Small,Moderate,53.547419697788,71.8457817225379,136.887632688723
Satellite,Large,Moderate,21.0922712319296,13.6024223744446,117.078270413553
Rocket_Body,Medium,Low,37.6911180530153,231.613101025113,113.315590877337
Fragment,Small,Critical,93.3453603836439,94.5037045739396,91.0079369673348
Rocket_Body,Small,Moderate,24.5525097946588,18.8449842352727,94.0175725577766
Rocket_Body,Large,High,96.9249087746499,83.1525517901029,95.7004852824372
Fragment,Medium,Critical,28.5214939290479,288.689023021005,94.3082080538373
Rocket_Body,Large,Critical,76.7409497620146,306.536105392756,83.0592347097542
Fragment,Large,Moderate,59.200953840758,173.903848269588,147.962102772433
Rocket_Body,Large,Critical,89.6030854837083,149.785441347127,109.843585113854
Fragment,Small,Critical,59.8593929952817,352.027329660641,116.541958258878
Satellite,Small,Moderate,58.1103297240677,72.2032774517051,130.869422262551
Fragment,Medium,Moderate,27.5912200331559,77.529341827659,32.3459644088773
Fragment,Medium,Critical,24.9606425846492,105.072183733103,12.5706238642591
Fragment,Large,High,92.4840236003962,62.1926345811914,72.4341654897897
Fragment,Large,Low,39.505437896503,136.571615353507,77.1121043428909
Rocket_Body,Large,Critical,43.4874029466606,327.900321716311,124.377266992487
Satellite,Medium,Critical,78.3841292585549,221.525222626286,66.5675368923503
Fragment,Small,High,40.4941134180526,148.300757500414,85.6279538316469
Rocket_Body,Small,Critical,95.6856201975102,336.387886045637,79.0606407770187
Satellite,Large,Critical,76.413499209892,17.447123691296,5.73041756360865
Satellite,Large,Low,63.7686318316078,75.6994240446701,92.2822344895371
Satellite,Large,Low,89.2805644490277,203.719897836633,124.206492866137
Satellite,Large,Low,14.4645317514534,221.598944349544,23.6250822113705
Fragment,Medium,Moderate,33.1356422970287,14.2407023625407,89.1497600889893
Fragment,Small,Moderate,51.8532700798818,145.093952846567,89.0415816669621
Rocket_Body,Large,Low,30.4280685524368,233.695427339114,24.6277446084538
Rocket_Body,Medium,Low,76.9514668571936,251.305396705224,18.5195360596104
Rocket_Body,Large,Moderate,92.7287227948352,229.730364905856,147.007791446472
Satellite,Large,High,48.1393107937831,115.402760769932,59.0578754479556
Satellite,Small,Critical,40.7919340100705,33.6672444952474,34.1132593085293
Fragment,Large,Critical,96.5395658923809,153.76048071096,25.6986816681562
Satellite,Small,Low,50.0367189544786,46.3515974524999,100.140257037485
Satellite,Small,High,54.0143560404354,341.14451706744,91.4167945990918
Satellite,Small,Moderate,41.6484885107714,171.061511768146,96.5328184481126
Rocket_Body,Medium,Low,91.8593625710924,114.213302768472,13.2009041267178
Rocket_Body,Medium,High,61.2059934953665,275.869465602804,134.030187524765
Fragment,Small,High,78.595712846348,179.261493329615,58.3899595213572
Satellite,Large,High,83.0626046515797,111.612248644482,47.0054109645536
Satellite,Small,Moderate,40.7664137725532,292.308387260688,69.3542170871608
Fragment,Large,Moderate,49.0324898188342,312.174774360403,58.5099098621442
Satellite,Small,Critical,86.3624596965638,242.282939863923,129.536550470871
Satellite,Large,Critical,42.6929816508229,16.9071920667602,139.389146279683
Rocket_Body,Medium,High,81.4541620106666,203.876236859951,45.5179824674409
Fragment,Large,High,94.6893090316993,274.786168319021,129.590371118993
Fragment,Small,Moderate,66.0889335761206,49.1410843500895,117.22846942996
Fragment,Medium,Critical,76.74645587067,82.3214704984572,139.621150851714
Fragment,Large,High,82.4587580837021,317.698237824529,36.8625468278831
Rocket_Body,Large,Critical,86.0535684006978,7.24381986710665,86.5438725181468
Rocket_Body,Large,Critical,45.5548004071116,270.981769617351,41.1816877110666
Satellite,Large,High,14.6137113258398,170.558385305192,123.614173572656
Satellite,Large,Moderate,46.1688644113065,160.837977182258,0.798628585659638
Satellite,Medium,High,70.638060680568,2.55475169815938,84.7228744329594
Satellite,Medium,High,50.5315347202713,294.983363147937,50.8805146907877
Rocket_Body,Medium,Critical,77.4066835774358,129.536964229163,48.402556061673
Fragment,Medium,High,42.1284186521797,194.675627268195,96.7359485797375
Rocket_Body,Small,Moderate,67.1269726993626,243.828247080837,127.722667397099
Satellite,Medium,High,26.7777824368577,252.946647517649,91.3793087089989
Rocket_Body,Large,Moderate,77.4432492980461,344.152821177386,127.975946797008
Fragment,Large,Moderate,59.1126371931723,191.282383165179,39.6895667821544
Fragment,Medium,Critical,28.365794969194,143.899038350793,77.9252782147471
Rocket_Body,Large,Low,36.2720056148026,343.333305537014,67.5804808600614
Rocket_Body,Medium,Low,77.3747837723649,231.159684609187,1.74673492546443
Rocket_Body,Large,Critical,53.4341112095368,107.33412825956,83.521821471111
Satellite,Small,High,29.4428296353764,45.5271283452856,99.2286486219262
Rocket_Body,Small,Critical,97.0544071333267,303.319620527465,88.7871606628605
Rocket_Body,Medium,Moderate,74.3612517835199,130.385377005894,110.441984817513
Rocket_Body,Medium,Low,96.1421349285816,237.769099691195,85.7009292679615
Fragment,Medium,Critical,48.4394540824308,169.493910971723,10.0125382276135
Fragment,Large,High,52.7590306622548,71.6147207262138,17.4668286127067
Satellite,Medium,Critical,90.8159694566517,216.607179103367,89.4711866315928
Satellite,Small,Low,57.2544406220846,21.8459048222456,41.246878796046
Fragment,Large,Critical,73.65510207151,148.803285553629,11.9467693552148
Fragment,Medium,Critical,32.6955589745977,196.781378278921,64.440411517282
Fragment,Large,Low,50.2053821832376,156.976910682688,83.1483897125483
Rocket_Body,Large,Moderate,21.1104879229319,269.521983090356,49.3118982524409
Rocket_Body,Medium,Moderate,28.5382032289265,298.052983636312,108.065055333866
Fragment,Large,Low,10.0849073740867,277.647506651944,96.5655912151867
Rocket_Body,Small,Critical,13.5338546483794,13.9726612122487,49.9227541637507
Rocket_Body,Small,Low,97.9555440859236,69.88635736055,113.230879336284
Satellite,Large,Moderate,31.8118325623086,193.178703334958,97.3042563799553
Fragment,Medium,High,69.6979638553601,336.535934559768,95.6168068076853
Fragment,Large,Critical,85.518972891965,300.584439018762,83.0141551180602
Rocket_Body,Small,Moderate,59.5594413312907,303.312423006648,1.70845021328291
Fragment,Large,Critical,23.783005007556,109.154949753482,104.476077521533
Satellite,Large,Low,75.5304793602549,154.601242948332,56.4062686663734
Satellite,Small,High,64.0226269089624,169.454141033737,141.391456523798
Satellite,Large,Low,75.8125530412637,56.6537700059677,122.69771566158
Fragment,Large,High,79.2771960571378,11.1845268880042,88.1541704296968
Fragment,Medium,Critical,97.786933091627,340.885043805786,37.8272972728904
Fragment,Medium,Critical,61.6206952024039,86.6565308388624,30.5576089916499
Fragment,Small,Low,40.7477001421541,86.3816053405072,51.0577256516323
Fragment,Small,High,68.3618101210213,30.0164593567534,71.4851915370027
Satellite,Small,High,16.1596638318363,334.26279069976,44.409826505842
Rocket_Body,Medium,Critical,90.7657586489427,208.705361378317,77.2394243088724
Satellite,Small,Low,20.7442910204377,240.133268565127,24.8055638269778
Fragment,Small,High,39.5058554097236,328.167679414698,146.656921923825
Satellite,Small,Critical,83.4170842563508,124.423260804284,16.188683244749
Fragment,Medium,Moderate,63.758114049764,223.74263200971,139.791620948155
Fragment,Large,Low,45.4271968249697,13.9678037023994,137.036701710404
Satellite,Small,Moderate,52.6092093437519,67.2381101632065,78.8040722729247
Fragment,Large,Low,86.9092653881962,299.248489832379,108.736540775412
Rocket_Body,Small,Critical,40.6003947453902,276.0366082818,65.4072446958881
Fragment,Large,High,88.2684716330954,126.231368924572,94.5051866313657
Rocket_Body,Medium,High,17.9320987879022,135.651825998716,51.0863906131678
Rocket_Body,Medium,High,79.9118593487767,192.079596079288,45.1738529678168
Fragment,Small,Low,86.2792869749262,0.0867616866484377,86.734467925427
Satellite,Large,Critical,26.3635887553604,86.84796097369,74.719451127597
Rocket_Body,Medium,Moderate,48.731187913498,74.9634510989572,86.9304553724971
Satellite,Small,Critical,24.894979719729,90.1738608299148,42.9990871930534
Rocket_Body,Small,Moderate,73.5943716094796,290.126103312038,55.0436747725492
Fragment,Medium,Low,58.1812991255491,100.682588356719,12.5846940943363
Fragment,Medium,Low,67.1791012037489,68.9476759380533,7.84145584083085
Rocket_Body,Small,Moderate,27.683827026059,181.534845885491,38.0185694509524
Fragment,Large,Moderate,29.0571275847177,311.632213094183,11.1370288995818
Rocket_Body,Large,Moderate,13.7347592958915,86.8858933814999,15.5662062952111
Fragment,Large,Critical,38.9860781676156,28.2730474054075,121.93926080909
Satellite,Small,Moderate,60.3770195200307,128.305704905879,5.83105455250339
Fragment,Medium,Low,87.2141422597596,269.154656843392,98.8414190902114
Satellite,Small,Low,70.0234702712812,198.248596090126,40.88366232231
Fragment,Medium,High,49.1856691059776,294.045613046765,130.731852106218
Satellite,Large,Moderate,95.7808102954724,345.453173139324,72.7488426866249
Fragment,Large,Critical,74.7320680518248,285.358491630582,45.8364688991738
Satellite,Medium,Critical,93.7148682576295,217.369108383751,77.6458403534151
Rocket_Body,Medium,Critical,57.4829175944949,177.602971698856,57.2937028567903
Rocket_Body,Small,High,33.3013847313825,14.424871085376,84.6451597004745
Satellite,Large,Low,14.7544017728249,354.355912373054,17.1799302489522
Fragment,Small,Critical,75.3476366335465,138.053204127015,149.548575421882
Satellite,Small,Low,20.917269820498,54.802157010072,63.8333816545076
Fragment,Small,High,37.249761544477,240.015187942724,52.2345959561053
Rocket_Body,Large,Moderate,57.9223817095507,102.343784074365,106.531477247439
Fragment,Small,Moderate,60.7974929001772,210.880177535177,54.5849109742998
Rocket_Body,Small,Moderate,64.0524877288422,211.236446824052,124.991145754313
Fragment,Small,Critical,24.962979731473,160.462735525032,68.1406086540637
Fragment,Small,Moderate,44.1763664339483,301.002701596215,107.933761989815
Fragment,Small,Critical,65.547480440527,95.3881421599594,16.1179824662829
Satellite,Small,High,97.2836978170406,161.507732982384,126.917877833266
Satellite,Large,High,75.4868023929719,193.569166292749,110.357698016716
Rocket_Body,Small,Critical,93.0343381384562,238.904899476227,31.7575167692948
Rocket_Body,Medium,Low,78.5990852482759,282.229866182012,21.792901461868
Satellite,Small,Moderate,63.254527200316,142.130621836172,47.4438523088436
Rocket_Body,Small,Moderate,27.282103222271,232.576899874774,146.410587904785
Satellite,Large,Moderate,70.0017086703261,54.2199431046668,38.5247361850587
Fragment,Large,Critical,66.1041609363916,335.753316195292,68.419081341995
Rocket_Body,Medium,High,64.2222253411539,137.901170311561,4.50303385760044
Rocket_Body,Medium,Moderate,54.0807281189416,262.627711911517,59.5841294349348
Satellite,Large,High,57.5790943590348,7.32278947758395,85.6980023149654
Rocket_Body,Large,Moderate,40.0998274406293,73.8673714457305,142.968691876194
Rocket_Body,Small,Moderate,56.7381423378072,175.349715956488,77.5104067410096
Fragment,Large,Critical,27.780031511063,316.170888383644,122.866098926653
Rocket_Body,Medium,Low,82.4656957624339,189.811853982243,82.069146385335
Fragment,Small,Critical,26.7199259228837,334.753373625796,6.11775201532771
Satellite,Medium,Moderate,17.6469660900519,174.166882769806,47.2512412784661
Rocket_Body,Small,Moderate,49.2621423721441,176.561674824941,86.3324261746654
Fragment,Large,Low,69.2476695555455,43.1088438601914,142.589094889668
Satellite,Medium,High,49.3945142440187,288.956247894799,128.869553962685
Rocket_Body,Small,High,34.9078718756177,88.9075484881425,34.2533421268271
Satellite,Small,Moderate,60.2354065501396,323.860496174033,33.0164745028745
Rocket_Body,Large,High,41.2302101870979,327.896719318942,30.1759450670851
Satellite,Large,Moderate,93.9580921113969,339.591640274693,138.374834445375
Satellite,Large,Low,93.0380625643214,187.282976077112,127.899922965258
Fragment,Medium,Low,55.2134637974885,243.753762522111,116.232514837942
Satellite,Small,Moderate,39.5095594616432,280.265716822198,58.9102671336341
Rocket_Body,Large,Low,76.3419172560975,47.1652627141676,75.657105644815
Rocket_Body,Medium,Critical,13.3041649134759,216.344590199099,69.6497617192729
Fragment,Medium,Critical,52.7292105439286,12.3472444691922,38.0097161339059
Rocket_Body,Medium,Low,40.26910548433,179.123790019941,75.754206922315
Rocket_Body,Large,Moderate,92.8482296592299,55.7433653832818,4.57448217791316
Rocket_Body,Large,Moderate,11.0802724545414,65.8522533463505,19.7715560246188
Satellite,Small,Low,59.7533388146514,131.417124009336,132.988439425341
Satellite,Small,High,76.6597222959963,155.677380017941,112.751965054713
Rocket_Body,Large,Critical,53.6516188771637,224.342072831587,63.430261358863
Fragment,Medium,High,17.6862727146449,26.7942306378656,77.5725543425815
Satellite,Medium,Moderate,97.5215251025112,181.32903404548,55.4998328939966
Fragment,Medium,Moderate,56.6209388238488,65.7450468911164,111.1169800741
Rocket_Body,Small,High,65.276761988711,206.631063011427,117.628076884811
Rocket_Body,Medium,Low,31.2948804436756,229.465660414026,114.492778530473
Satellite,Small,High,53.5148276596123,200.415332359027,108.391758725167
Rocket_Body,Small,High,48.6234542762489,265.78638377219,30.6756508039193
Satellite,Medium,Critical,16.7406257801785,120.819327926724,50.6954968860718
Rocket_Body,Medium,Critical,19.554431819272,275.438372987927,70.4768152475512
Rocket_Body,Large,High,85.3725267656897,155.796149414949,49.6189487141483
Satellite,Large,High,31.5837956985931,174.306419396134,113.241030023749
Satellite,Medium,Moderate,27.5462444348767,233.316765813985,49.4030286374932
Satellite,Small,Critical,55.4420306125125,6.60901823972062,20.7348130178005
Rocket_Body,Small,Critical,79.1872418226261,235.437919711289,59.8560678072456
Rocket_Body,Small,Moderate,15.5751866721089,222.690653665961,146.987164917357
Fragment,Small,Low,61.912712767443,111.54496203118,33.8822119400363
Satellite,Small,Critical,20.7289398556516,30.8859425638162,91.8237988414843
Rocket_Body,Large,Critical,13.2814945743056,32.7367619686948,64.9459574759559
Rocket_Body,Medium,Low,14.7469556945995,332.360548914682,10.6536851473989
Satellite,Large,Critical,85.0747697387597,248.140555641301,73.1814908997089
Fragment,Small,Critical,20.6175235265255,45.7569409574665,105.324649297246
Satellite,Small,Low,14.0636227971062,128.420340951206,76.9829963741728
Fragment,Small,Low,49.4109898428621,213.293877804574,130.815909561987
Rocket_Body,Small,High,85.9594124747822,300.805813832633,43.3405524986373
Fragment,Medium,Moderate,33.6167538840371,15.717934336683,12.9373756955947
Rocket_Body,Small,Moderate,47.9541355773324,85.1879273292031,140.4848417487
Satellite,Medium,Low,13.5930279307376,320.309636506336,56.7294524292328
Satellite,Small,Low,50.4170662721388,3.29959806617393,86.460832718045
Satellite,Medium,Critical,61.985177257342,72.5036770057994,118.800468919529
Fragment,Large,High,61.381634837693,345.248703350267,48.647049581337
Rocket_Body,Small,High,39.9184022956928,220.824664747981,107.424680726641
Satellite,Medium,Low,38.3979862596822,94.2016919895023,20.3128274726742
Satellite,Large,Critical,19.5961257042938,24.1167939825051,43.6940620808257
Rocket_Body,Small,Critical,43.0118488581641,10.1488825609999,21.7065954204779
Satellite,Small,Moderate,18.9545201985668,88.1082286692938,121.684583760203
Rocket_Body,Small,Moderate,78.9936350240846,317.334895052007,33.3973852840178
Rocket_Body,Medium,Critical,96.9646867973367,149.728915547103,107.610533310781
Rocket_Body,Medium,Moderate,97.3067011000036,259.320012899757,141.494759586847
Rocket_Body,Large,Low,87.8563989437854,330.582612736784,79.1658313603315
Rocket_Body,Medium,Critical,64.0712934405657,146.894566177013,81.0043788391031
Fragment,Medium,Moderate,73.0779127519491,68.8598535734629,69.1550352146718
Satellite,Small,High,35.6685222412372,186.162455108491,48.8835215090464
Fragment,Small,Critical,66.7693378155358,326.910127341547,71.3482546387375
Satellite,Small,Critical,51.0084594495889,289.574789089572,90.4211298400139
Fragment,Small,High,53.3815605799239,23.6987436107353,147.898735825598
Rocket_Body,Small,Low,78.1998904337642,249.326208027929,140.664683897733
Satellite,Small,High,35.3726520037526,205.883108085223,129.322943743968
Satellite,Small,Critical,38.6235650525067,326.686743484713,133.369580355728
Fragment,Large,Low,93.2177612015773,44.093310066107,70.1773774938064
Fragment,Large,Moderate,15.0601865365875,192.253000753676,98.6166490766197
Satellite,Large,Moderate,53.7070868572006,316.606569664281,134.260008440432
Fragment,Large,Moderate,92.1520720367075,147.608563227027,58.9426147487029
Fragment,Small,Critical,64.9326707036341,173.518170383832,144.26437175182
Fragment,Large,High,59.1766366790918,25.3658439601049,62.3679093103774
Rocket_Body,Small,Low,32.4769761306419,100.131710561607,90.1623998089823
Rocket_Body,Large,Moderate,40.8947940158003,116.822393700821,106.470706990855
Fragment,Medium,Low,86.6843574224223,340.244081548159,142.58880196139
Fragment,Large,Critical,60.3296318591612,101.760249794817,36.6924411078399
Rocket_Body,Large,Moderate,56.3267974381101,165.912744697074,111.919646735796
Rocket_Body,Small,Critical,18.9621742186026,241.66959248314,78.1223379216123
Satellite,Large,High,11.442534080961,58.3860140668358,40.2835710930961
Satellite,Medium,Critical,96.7316669818344,175.119259371074,116.491025969458
Rocket_Body,Small,Critical,43.9287550558157,265.874054211326,82.8333420260769
Fragment,Small,High,64.2891755889553,312.067876689743,99.1460730974513
Fragment,Large,Low,17.1743565868556,225.453338878473,48.4351602866851
Fragment,Small,High,71.4802857150741,240.859265514101,72.1910927741407
Fragment,Small,High,93.9310037835364,45.4620501304448,92.60313764821
Satellite,Small,Critical,61.8098727697677,340.479539008685,60.7366221404766
Rocket_Body,Small,Low,21.3503790137869,47.7266678944136,29.7558809771551
Fragment,Small,Moderate,62.3549374726129,278.882257385447,144.246073847295
Satellite,Small,High,78.9712491794187,95.3338758401947,76.7201310063926
Fragment,Medium,Low,46.5774882916616,336.09353173245,110.088055543155
Rocket_Body,Large,High,89.1853973147321,259.185434173012,61.6570790334087
Satellite,Medium,High,68.3814658021628,271.372936672212,53.2697646038574
Rocket_Body,Small,High,90.9324026460282,78.861302301558,61.0746447700687
Rocket_Body,Small,High,66.1154780122603,159.494391588657,61.3794965678474
Satellite,Large,Critical,21.8159174804341,222.412750052143,81.627017391293
Satellite,Medium,Low,37.872253999467,277.190502554376,81.5204804972044
Satellite,Large,Low,28.1615453427211,37.4253753284602,74.5730723824307
Satellite,Medium,Low,91.7943847945176,346.45151392363,20.2178677376157
Satellite,Small,High,78.4360060558734,320.47944139964,74.4113217750796
Satellite,Large,Critical,70.8758532019005,97.3254925784103,25.3655850630977
Satellite,Large,High,37.0869687668459,296.193687491639,18.9203679443647
Fragment,Small,High,26.5640294845192,186.596612294336,139.896857601175
Rocket_Body,Large,Low,78.080597919002,166.250333362326,90.7425019721556
Satellite,Medium,High,52.6742151291171,113.196278092105,98.9235087186876
Fragment,Medium,Moderate,30.3210596935566,209.148691187373,60.2690505500045
Fragment,Medium,High,65.4959780348747,262.760082373295,136.347133787229
Fragment,Medium,Moderate,13.6300466924606,147.935845786592,95.6895734369498
Rocket_Body,Small,High,39.3553228715428,226.518909482985,115.375480428538
Satellite,Large,Critical,52.1701295132021,251.752651615909,55.284370354157
Fragment,Medium,Critical,23.3162500698465,256.003854125502,144.001782122868
Rocket_Body,Small,Low,98.6189029831755,18.7077953272248,123.069193523747
Rocket_Body,Large,High,28.8187628130652,309.509210046624,128.092269452181
Rocket_Body,Large,Moderate,21.7317817038939,164.971193315417,25.8291401138631
Fragment,Small,Moderate,28.3181386498206,94.4697894106372,40.6444811806829
Satellite,Small,High,79.2155019843751,87.0352226926853,42.8439899525365
Fragment,Medium,Moderate,48.2955093344658,173.885080623822,40.6363834870306
Fragment,Large,Critical,60.8874345777284,319.259354208825,128.311224315643
Satellite,Large,Moderate,11.8908241287724,136.205129405752,4.78271928128881
Satellite,Small,Low,13.0988177715983,269.901268842075,11.4149983471161
Satellite,Large,Critical,50.1242994844314,34.8547431553986,41.0872305944855
Rocket_Body,Medium,Critical,83.4989718881461,171.380412774382,29.9809461974165
Satellite,Large,Critical,89.6714990836808,357.007010541384,34.7789420824272
Fragment,Small,High,17.8035910836076,277.357609005241,119.691478387995
Satellite,Small,High,58.452679189092,75.7902558386206,84.468989083807
Fragment,Medium,Critical,92.1906717651343,180.518930531247,0.865599193945199
Rocket_Body,Medium,High,44.9175478958097,84.1049149134839,64.3984148556292
Fragment,Large,Moderate,84.6609248285531,147.441933814503,61.1827390275538
Fragment,Large,High,22.0326088959492,280.830248544587,17.0917904166815
Satellite,Small,High,94.1855040701018,277.640933504545,101.421268290218
Satellite,Medium,Critical,77.6280985778172,82.1161360448586,105.314578256923
Fragment,Medium,Low,94.7200953508211,332.000394535749,108.133982857814
Satellite,Medium,Low,70.8955510197255,213.324545795337,109.270641833788
Rocket_Body,Large,Low,42.7063538799484,136.772744746325,0.00792403984452017
Rocket_Body,Medium,Moderate,94.436305527225,180.696809081109,143.088120577008
Satellite,Small,High,34.801009867826,217.825651237587,122.131315058199
Rocket_Body,Small,Low,39.8955269855559,201.560591464482,135.597254488392
Satellite,Large,Critical,73.0727576201566,175.105812793024,2.34649429611512
Fragment,Large,Low,78.8784669572847,181.775809472184,140.07881936786
Fragment,Medium,Low,93.6463135464238,63.508287754039,121.468279303215
Rocket_Body,Large,High,28.4322168150588,292.583845549684,125.582871443804
Satellite,Small,High,81.8198231697301,195.033715178765,13.9931077082952
Satellite,Medium,High,76.4691448057267,47.1887502136931,110.816704337789
Rocket_Body,Small,Moderate,15.7415100628238,275.8165565698,143.987503446313
Fragment,Medium,Moderate,44.8500827089186,335.679832215846,101.782101212724
Rocket_Body,Large,Low,35.4488911354088,341.030483725306,85.5842106936909
Fragment,Medium,High,37.4041381918627,132.846383668022,141.844451662349
Satellite,Medium,Low,98.465219159923,48.7860744818714,66.4405682601654
Fragment,Small,Critical,67.8499672131935,186.623865587903,89.8940349465718
Rocket_Body,Small,Critical,74.5908542014149,40.5393225657194,71.4507440241549
Satellite,Medium,High,97.8955873583508,336.235470664542,139.926933204044
Rocket_Body,Large,High,43.9481604211874,66.0886658478525,11.412709014826
Rocket_Body,Large,Critical,82.1656151607525,90.995709582419,75.1679551238022
Fragment,Small,High,49.1077866974045,146.389149678589,103.042866207815
Rocket_Body,Large,Moderate,88.2580304633481,137.939208681285,118.785980763335
Fragment,Small,Moderate,26.2591787180172,286.07864126324,87.4527971166204
Satellite,Large,High,95.2917559357851,164.274055398346,136.337661618218
Fragment,Medium,Critical,29.6894537569791,61.4765736012012,141.29871703258
Satellite,Small,Low,39.3598456282838,96.1955623749866,9.64788347903752
Fragment,Small,High,78.0573010696102,183.280818667507,60.3555809312061
Rocket_Body,Medium,High,45.4379627408866,53.0834102734085,3.51885325817316
Fragment,Small,Low,64.7390239089802,220.196043232565,49.4124986061664
Fragment,Large,High,50.0116150962485,203.669030358412,80.5302326955903
Satellite,Large,Low,76.8132943380803,257.292833897612,136.619239576492
Rocket_Body,Small,Critical,30.5498127131749,337.573661536572,126.98314836981
Fragment,Large,Moderate,15.2612188513189,328.411641996416,19.1249590007978
Rocket_Body,Small,Critical,36.9936457725759,340.587222504779,13.9545562111343
Fragment,Medium,Moderate,52.6877798381587,88.0976149285323,88.3901008135
Fragment,Small,Low,25.121804697341,47.3635103901676,79.8176958688174
Rocket_Body,Medium,Moderate,41.9317560690749,108.819612178721,39.9566462145035
Fragment,Large,Critical,45.9984716464211,322.230662195873,134.917962683075
Rocket_Body,Medium,Moderate,15.1652659319446,349.939250864455,139.104961419233
Fragment,Large,Low,62.4976523365784,309.356982385371,60.3917157510244
Satellite,Small,Moderate,89.5909085174158,39.6063796059157,133.545383567028
Rocket_Body,Large,High,23.6568621657747,341.074079301525,57.5923341394458
Fragment,Small,Critical,63.8027212061362,152.408889846282,110.522524774455
Fragment,Small,High,69.8265284419761,3.35170467444732,71.3913326321586
Satellite,Medium,Low,47.7401212377359,159.261746669349,18.3874734760774
Rocket_Body,Medium,Moderate,73.0987828627843,16.5849010831683,139.190130185553
Fragment,Medium,High,46.965838914191,195.796051618002,68.1144890066304
Satellite,Medium,High,55.4173559179691,121.879449877338,110.17305604836
Fragment,Large,Moderate,10.6617740098984,170.436576093857,55.0760721646938
Rocket_Body,Large,Moderate,72.254810272122,220.741329867522,2.83213178643519
Fragment,Large,Critical,69.5208411050252,312.768394494415,15.0795538037753
Fragment,Small,High,13.456078959371,238.284567529894,74.4329219234886
Fragment,Large,High,43.1425096655619,156.257592652145,103.494653568954
Fragment,Large,Low,98.11286567125,294.994027321331,50.2102989868918
Satellite,Large,Critical,47.8662906311755,326.009569526327,104.323268876647
Satellite,Medium,Low,55.1750864618657,43.113587915591,104.795338414793
Rocket_Body,Large,High,91.8937142343746,191.495871919004,105.590386099174
Satellite,Small,Low,74.553568827918,102.424305507279,73.8782781030762
Satellite,Medium,High,62.3863118011801,16.942031235701,137.232922518225
Rocket_Body,Small,High,81.8024213206965,240.676810241034,73.3794776970923
Satellite,Large,Low,87.7929639810375,310.597479885321,67.5397790244957
Satellite,Medium,Low,51.119926456354,58.6449556118618,29.907122851594
Rocket_Body,Small,Moderate,52.7597528438651,292.468916744604,46.1482631034504
Rocket_Body,Large,Moderate,44.7445842086652,307.222464073298,6.3501738777455
Rocket_Body,Small,Moderate,97.0035526016614,329.162559359934,95.0302940424255
Fragment,Small,High,72.7449628861315,95.5026320709788,37.2803615890639
Fragment,Small,Low,17.4900759587265,325.42310346836,45.6232881728197
Rocket_Body,Large,Critical,87.6663660981716,115.438591705115,115.622178249648
Rocket_Body,Large,High,53.2503946752641,198.841684843981,49.083177474218
Rocket_Body,Small,Critical,16.1878515780238,18.1826894996215,36.3293838019713
Fragment,Medium,Low,59.4745529646979,15.7971918127476,25.3586623700558
Fragment,Medium,High,47.5447851078131,259.334356583593,116.228760327293
Satellite,Large,Critical,88.9974464376362,160.012792072004,19.455938698504
Satellite,Large,Critical,28.3595143248448,92.2652551329183,68.063064037553
Rocket_Body,Large,Moderate,84.3818148542964,68.5488585689676,76.0395174115791
Fragment,Large,Moderate,60.1919822066907,241.183256709318,103.108486902857
Fragment,Large,Moderate,14.9149272892122,0.144555849122354,94.9925223499493
Fragment,Medium,High,97.4660771192936,290.120820910867,121.608100941776
Rocket_Body,Large,Low,56.1353719692879,28.5298582067743,6.71271508893572
Satellite,Small,Low,36.1789168808424,68.936261366923,44.4661087169095
Rocket_Body,Small,Moderate,52.2466157790332,139.045102307672,42.0201178163069
Satellite,Medium,Moderate,87.207200516574,174.549146297797,21.9025358388162
Satellite,Small,Moderate,37.4412811946557,127.798241693019,43.3767380784664
Rocket_Body,Medium,Critical,27.340875683803,115.456379394345,46.4647971214355
Satellite,Medium,Moderate,21.6164122237793,347.009764346347,78.2826692891217
Satellite,Small,Critical,36.807345855119,230.968685247621,99.5556718389384
Fragment,Large,Low,80.2043278336039,8.43586393225975,57.1650770417721
Satellite,Small,High,52.4463728675735,154.863327039952,107.920534697007
Rocket_Body,Small,High,30.4733443324186,315.003131907829,50.424800786937
Rocket_Body,Medium,High,24.9566499648774,108.52422710784,43.542551597214
Satellite,Small,High,39.9456528859341,34.0402841187797,81.1782083785536
Fragment,Medium,Critical,94.5931935597138,273.01851777237,3.55745404586859
Fragment,Large,Critical,40.8724041331021,218.164979496989,11.9683685451
Satellite,Large,Moderate,98.9311668359171,205.312502817541,62.695431537979
Satellite,Large,Critical,53.670741018882,19.2875614586668,141.436906708763
Rocket_Body,Small,Moderate,26.1247526461135,50.5796435263862,108.226766976513
Satellite,Medium,Moderate,90.2026082614158,224.11778263672,13.2189854250836
Fragment,Large,High,51.4319835821344,74.8165829251809,126.947701917131
Satellite,Medium,Critical,73.8704209154072,181.465228709432,109.845115591227
Rocket_Body,Medium,Critical,98.5340424888236,196.157406970581,91.6419788553979
Rocket_Body,Large,Moderate,14.5157815287976,102.062588497538,123.043944091376
Rocket_Body,Large,Moderate,18.702510380881,341.433055994937,60.6164771614435
Rocket_Body,Medium,Low,74.841106731648,303.287078460807,33.2251576280779
Rocket_Body,Large,Low,35.3642502965924,260.054462747807,76.8035083663139
Satellite,Medium,Moderate,26.5871257255089,28.0777919073872,82.326263339021
Satellite,Medium,Low,13.5425691837756,38.2068069512469,80.7489558014868
Satellite,Large,Low,11.9662040787581,177.401284511384,84.7610687220157
Satellite,Small,Moderate,79.7037042807811,57.8568057087548,142.305737735877
Rocket_Body,Large,Moderate,22.0990084632595,352.17556687061,135.336843464434
Fragment,Small,Critical,52.0948554374035,57.0672842498674,131.35755548384
Satellite,Medium,Moderate,64.5307133661534,175.48842076703,120.212521636294
Fragment,Medium,Moderate,48.5516620511961,131.083580462941,141.514216089792
Satellite,Small,High,12.4395987102609,230.179111723475,14.7741962519104
Satellite,Medium,Critical,80.5151352329118,46.4531072001929,39.7684892168609
Fragment,Small,Critical,10.9461902087488,154.91391409526,74.2583918481877
Rocket_Body,Small,Critical,78.5700904939735,98.8938118105717,126.98017396851
Satellite,Medium,High,90.397404440931,319.590548881807,75.7748567284098
Satellite,Small,Moderate,48.9555928951455,14.6108563684902,112.205210901238
Satellite,Large,Critical,58.1988225788018,328.941897842325,20.8439857873374
Fragment,Large,Critical,52.9285053355888,299.87788987908,37.862071946484
Rocket_Body,Medium,Low,45.0287756761094,107.125457918693,109.76641425565
Fragment,Medium,Critical,89.8682081833324,284.144635683757,24.7101013331586
Fragment,Small,Moderate,90.4540159602991,11.2368817219491,52.703390198239
Rocket_Body,Small,Moderate,40.2234728177381,348.071598105621,39.7299386720357
Fragment,Small,Low,65.3562778613228,189.574179332324,52.4792541333717
Rocket_Body,Small,Critical,93.4216805931277,109.18116938356,106.248607361695
Satellite,Large,Critical,96.5852649047216,130.529956534083,55.1770771714201
Rocket_Body,Large,Critical,55.8063136379842,23.905927245779,83.289498391191
Satellite,Medium,High,50.7542324755894,356.165825055134,14.9897815581614
Fragment,Small,Critical,35.0824884335673,14.1451002542492,120.752653985194
Fragment,Small,Moderate,96.2984685871369,235.766564333229,55.4832938472187
Satellite,Medium,Moderate,22.853287402558,159.384933974324,97.2801238550013
Fragment,Small,High,62.1846618442952,341.609838547937,108.808440249274
Rocket_Body,Small,High,35.4295240766774,88.5599065104462,31.449138316755
Satellite,Small,Critical,35.1107461313016,191.551256617684,132.701247743002
Fragment,Small,Low,46.4471728638569,173.648235089791,92.4336377410429
Satellite,Small,High,99.8913642234089,253.031919858036,64.3087712627222
Rocket_Body,Medium,High,14.9469676155839,24.4836835028713,27.3502775367329
Rocket_Body,Small,Critical,62.0687636383178,69.7640868084077,141.345140685181
Fragment,Medium,Critical,17.4314942231749,77.2433352334259,113.260230619743
Rocket_Body,Small,High,23.9068746991467,265.734271743008,31.2036844099873
Satellite,Large,Low,49.5606647595608,68.0899306776264,50.6566162086336
Rocket_Body,Large,High,55.9414118211797,206.457035000751,121.451138713211
Satellite,Large,Critical,33.2913167528071,77.4877753803433,104.3516494823
Satellite,Large,Critical,38.4811417786974,310.184982030232,114.867643907358
Rocket_Body,Medium,High,17.8270318230339,339.186763616269,66.1801653319398
Fragment,Medium,Low,37.2897805459825,186.657470979206,107.471439396325
Rocket_Body,Small,High,96.9902595442489,126.831198315304,57.974058429587
Satellite,Large,High,95.0236643505233,84.2607990062996,31.6894375407294
Satellite,Medium,Critical,40.1390461123286,17.9211605482957,94.901555226204
Rocket_Body,Small,Low,61.3768542650885,96.6600274310983,146.402088839819
Fragment,Small,Moderate,91.863585199985,235.524880780314,46.5901457092994
Fragment,Medium,Low,10.5565440376807,192.102095271315,69.1454388318809
Satellite,Large,High,82.9615213303832,339.854860181133,101.100205660478
Satellite,Small,High,95.3532597510027,142.659814497012,81.2259423183731
Fragment,Large,High,18.2193160900201,249.790803238222,126.514169356357
Rocket_Body,Large,Low,24.5302917429628,176.156189091043,114.261405970427
Satellite,Large,Critical,96.4671672494219,184.527437732716,8.74458057935355
Satellite,Small,High,58.3786129276311,96.3987532574823,149.763185088566
Fragment,Large,High,11.2776971024551,163.782279663119,112.86036805792
Rocket_Body,Small,Low,33.1868798887176,169.482598924574,129.585497444116
Fragment,Large,Moderate,50.4949306841973,254.391307829616,97.6796568143019
Rocket_Body,Small,Moderate,72.361801992229,338.630399707001,128.442769207014
Rocket_Body,Large,Critical,75.9844340323119,118.555659893701,16.8574462393064
Rocket_Body,Medium,Critical,99.587936163291,15.1921686892674,52.1606753338973
Satellite,Large,High,35.8760079445383,178.66624518023,131.463141540673
Fragment,Large,Low,58.4398091681627,196.0060795737,30.2482816900338
Fragment,Small,High,57.9991193073644,60.6385984074894,11.7363147870034
Rocket_Body,Small,Critical,46.5080733502513,273.767258259384,118.217840991782
Satellite,Large,Low,25.2245704458178,354.574479038937,125.322923346494
Satellite,Medium,Low,97.9710906865458,340.478898123045,24.397832728485
Fragment,Medium,Critical,86.7985467999927,70.9581739765147,128.151897417407
Satellite,Small,Moderate,54.8499725464813,315.130766364273,103.015169339575
Satellite,Medium,Moderate,64.2920880415626,253.617709108206,78.0124024824875
Rocket_Body,Large,Low,30.4534948203696,163.384762970488,124.537528917207
Satellite,Small,High,58.9408363352572,194.619957956902,62.8873873978448
Rocket_Body,Large,Moderate,72.5473119809328,305.856062993684,29.0990934335095
Fragment,Small,High,56.3650325547929,172.848578269814,42.727901491592
Satellite,Small,Moderate,99.1256653526447,134.354652877845,75.7746027439972
Fragment,Small,Moderate,65.0207490622953,177.569097489354,79.6996189009763
Fragment,Small,High,43.3876341332952,208.486729452617,120.837123966185
Satellite,Medium,Critical,79.4936824854254,68.0679553602055,118.70290854785
Satellite,Large,Moderate,25.3416260423477,324.326782896116,87.2049835806862
Fragment,Large,Moderate,44.6064232335639,242.70730157866,117.117822504821
Satellite,Large,High,41.2263055339827,227.976810241496,28.7660187440506
Rocket_Body,Small,Critical,48.8626385596999,35.8186414250297,7.50967906399415
Rocket_Body,Medium,Moderate,80.3601843335853,217.502617742133,131.045073395205
Satellite,Large,Moderate,53.5755728947066,43.5458384058572,11.3331740644154
Fragment,Medium,Critical,81.4613005239366,28.3311630703436,37.0032644615995
Satellite,Small,Moderate,61.8840012825879,189.831922431261,104.297842443657
Satellite,Large,Critical,40.7862491191799,145.002792256738,61.4171906440963
Fragment,Medium,Critical,82.8980869315125,211.97169725624,131.447095487326
Fragment,Small,High,31.4460703497782,32.1199805006058,44.6969691993404
Rocket_Body,Medium,Low,30.1944681819815,155.153902625013,1.78070200040389
Fragment,Large,Critical,55.4052631649352,62.9232174162568,45.0983460841116
Rocket_Body,Large,High,33.476432136588,355.356030932681,86.7112573777247
Fragment,Small,Low,10.8178331456094,202.014076476662,56.390756310494
Satellite,Small,Moderate,68.3467774568921,247.477269938712,80.2309133638132
Rocket_Body,Small,Low,55.9984439325158,117.150581045738,131.489717825252
Rocket_Body,Medium,Critical,50.0966033043845,34.1060093205638,136.872758134555
Rocket_Body,Medium,Critical,97.0271663156483,351.313510602073,39.8961096981168
Satellite,Medium,Critical,61.4079265566622,103.053252737945,69.3210709904851
Satellite,Small,Critical,87.7088420010446,152.570946662486,82.3716022862176
Satellite,Large,Critical,22.5505212584644,233.951011812927,142.366868533237
Satellite,Large,High,61.2285816816484,8.89102716700006,149.792597874657
Satellite,Medium,Critical,88.1181664057812,291.693286986223,35.3110873262289
Rocket_Body,Medium,High,62.4795181551908,193.168148410303,109.046980701872
Satellite,Large,Moderate,74.6212760314301,100.158187344775,56.7046593349792
Rocket_Body,Large,Critical,43.4839211030986,22.1788747052889,1.21622953293198
Satellite,Medium,Critical,18.3204565333359,58.4994295707989,1.38787836538535
Fragment,Medium,Low,51.2110265614364,322.212189187237,69.0849011343383
Rocket_Body,Large,Moderate,45.5031451754971,246.96872061692,73.2502369506501
Fragment,Small,Critical,88.0354164141052,89.9646197892803,3.38545448601639
Rocket_Body,Medium,Critical,31.9595772117225,23.6162753802106,103.039112516145
Fragment,Large,Moderate,97.0060804781597,248.621512459189,44.1005082892429
Satellite,Large,High,96.2324307824046,206.066781348395,83.9839652303924
Satellite,Large,Critical,32.2868478764294,145.627028804964,45.1378609748128
Satellite,Large,Low,41.3246759929588,130.900121708422,25.070147230396
Rocket_Body,Small,Critical,90.6000166786496,78.0531393344789,61.0760607898312
Fragment,Large,Low,96.9959998806496,241.060052353506,34.8410047185751
Satellite,Medium,Low,49.9095192552439,349.440490005793,80.2201465378752
Fragment,Small,Critical,38.8897341076808,63.2574885012573,29.8242795429719
Fragment,Large,Critical,57.3484611926387,214.961983205581,76.260896496694
Satellite,Small,Low,71.8992285729161,152.706620068551,23.6067772303301
Satellite,Medium,Moderate,34.6127063837481,160.807939828079,100.646206422867
Fragment,Large,Moderate,76.2825857157165,91.4930208460131,113.090652666213
Satellite,Medium,Critical,14.6491621403176,297.04855523811,16.55913513749
Satellite,Large,High,14.4365043487974,174.692017493006,70.1703618056008
Satellite,Large,Moderate,44.765893463099,195.626106791375,10.630755098231
Rocket_Body,Large,Critical,41.8125872854648,109.713928607037,89.7273668313003
Fragment,Large,Moderate,38.4069893830437,65.4510476401019,39.6606446894468
Fragment,Large,High,54.1917786402019,30.9277397530153,79.1436685258061
Rocket_Body,Small,Critical,38.8660224080414,257.082890732969,77.6191514076436
Fragment,Large,High,27.3032126621282,70.644341407628,138.65315192907
Satellite,Large,Critical,37.852259417974,248.427127507967,82.3624833853084
Fragment,Small,High,97.7413845529211,140.535520576903,87.4497719577473
Satellite,Small,Moderate,47.0002075295363,149.678928356274,60.247968864657
Rocket_Body,Small,Moderate,50.0241499172502,168.903898593397,142.361940477422
Satellite,Small,High,61.8890490956026,132.375062925915,116.577886415941
Fragment,Small,High,98.5006691572803,36.2231918001324,42.8107935454262
Fragment,Small,High,31.7441148792186,111.467451601024,126.631437866434
Fragment,Large,Critical,71.315389947919,238.944369849817,64.8594540277634
Rocket_Body,Large,Moderate,74.4386224187551,239.682384528793,124.300071530039
Rocket_Body,Medium,Critical,64.6591975113759,103.040750606397,123.433210244025
Fragment,Large,Moderate,17.9720505672979,165.636945560767,28.3305280144281
Satellite,Large,Low,70.9185048244818,69.6410020842975,105.171169707536
Rocket_Body,Small,Critical,15.7685239932557,75.7339493507408,43.5964453959796
Fragment,Small,Moderate,63.6528384594907,8.29695182637866,44.6239004989002
Fragment,Large,Moderate,76.5623059499568,322.828757966788,44.4522115320871
Rocket_Body,Medium,Critical,28.9872901557955,75.8543994269662,108.835237133992
Rocket_Body,Small,Critical,85.7459806788496,81.9121956971267,34.4739062688804
Rocket_Body,Large,Moderate,12.7318424979703,100.656515752247,0.135875286913533
Satellite,Large,Critical,85.9431577292475,45.8669058103544,107.285528022394
Satellite,Medium,High,51.4296145578488,230.13463794529,25.6777115752687
Fragment,Medium,Critical,29.582914593848,27.0514631439311,15.6723592961751
Rocket_Body,Small,Critical,22.0400330494571,48.312873477486,35.627418089109
Satellite,Medium,Critical,95.7976450824135,232.112421572433,56.9850783484056
Rocket_Body,Large,Moderate,16.5399028823041,122.277823373319,71.3859491209801
Fragment,Large,High,27.9184077942333,254.861217612428,6.68550610689462
Satellite,Medium,Low,41.3040112689741,200.672908081251,145.585999894104
Satellite,Medium,Low,65.8211364065008,92.1676223021447,107.409458012933
Satellite,Medium,High,59.0320976748488,234.298062176158,48.4791097986504
Fragment,Medium,High,21.3079143171082,41.858524905437,47.8045885928096
Rocket_Body,Small,High,36.0755185364393,193.10773790881,67.2813824052689
Satellite,Medium,Moderate,31.4876593977421,157.373317816212,93.9367234144549
Fragment,Small,Low,29.2188569041307,96.4344898142786,21.9559599883451
Rocket_Body,Large,High,47.0029902831988,217.44179918622,28.3394720647428
Fragment,Medium,Moderate,73.3628307332491,313.680093242501,128.915187425032
Rocket_Body,Small,Low,29.5707638995512,359.605691914707,38.4382385833608
Fragment,Medium,Critical,43.0010991732683,218.794596747632,57.0292496962766
Rocket_Body,Large,Moderate,45.1825684157046,145.694114758501,130.690777642517
Satellite,Large,Low,97.8810876491869,81.0745560778325,99.4721744099733
Rocket_Body,Large,Moderate,95.9199721191162,92.5545921822402,51.2567819012532
Fragment,Medium,Low,82.0123824476868,172.603792133915,102.554931858693
Fragment,Medium,Low,31.7493028737266,132.219972461055,2.95248230721205
Rocket_Body,Small,Critical,16.1233582682502,328.973228144979,110.346399001704
Satellite,Large,Moderate,38.5213723948562,132.586368356055,73.0524060774359
Satellite,Medium,High,34.0115094490447,134.440052812356,121.977322092669
Rocket_Body,Large,Critical,55.5333220131754,138.072424476231,143.19564780097
Rocket_Body,Large,Critical,79.9955119061013,301.183275732356,138.868282424185
Fragment,Small,Low,87.2490644990972,234.283795504884,136.389756518301
Satellite,Small,High,86.0377676869457,221.100786114801,76.825493390083
Rocket_Body,Small,Moderate,42.3708005100761,120.29148805819,54.0213171208407
Satellite,Small,High,71.8510909114614,294.445503659678,69.7552987096009
Rocket_Body,Large,High,38.1550777771798,13.8109900880524,103.484400497004
Rocket_Body,Small,High,15.4814988911664,313.48698204172,132.599666530678
Satellite,Small,High,73.1408739042648,184.589963925814,31.0479454500179
Rocket_Body,Small,High,10.8844797312809,143.370084550828,137.728973769255
Rocket_Body,Small,Low,46.8264328712639,178.980221058366,122.277034795483
Fragment,Large,Low,39.6441342371868,240.269590992179,146.828402276735
Rocket_Body,Small,Critical,72.4039784666967,4.59555354644305,132.037765992253
Rocket_Body,Large,Low,78.9620925484341,313.758668324969,41.990599453786
Rocket_Body,Medium,Critical,37.3685172374155,160.826229112101,15.8933867016071
Fragment,Large,Critical,83.0464313000368,123.467947092028,16.8361607987382
Satellite,Large,Moderate,36.452508445444,49.7684036282605,43.6834977867414
Fragment,Small,High,50.1693723987905,158.207534769039,92.1275585976808
Fragment,Medium,Low,75.431667431272,178.676197662376,120.648048914575
Satellite,Medium,Moderate,72.3628206302309,145.312810017652,134.887546047234
Fragment,Medium,Low,98.863162508098,244.317633777682,93.5630076553849
Satellite,Medium,Critical,30.2644921794338,151.522750353321,0.844696912208059
Fragment,Large,Low,69.6086122185624,346.110328024766,27.94751647778
Satellite,Medium,High,64.8713717448199,215.739906416493,14.9589305780051
Rocket_Body,Large,Critical,92.3588609041027,290.692056834687,54.4986713353515
Fragment,Large,Critical,24.0725927480387,39.3681251194123,75.2026490450618
Fragment,Large,Moderate,77.6618347228239,143.024865460526,6.50957678678412
Fragment,Medium,High,61.1441754641891,121.265172520974,52.2716963693483
Fragment,Small,Critical,34.7199282809114,205.013659729173,26.8769511937983
Rocket_Body,Small,High,52.6991422732456,310.000867222113,97.0605249388311
Fragment,Medium,Low,40.0398937362818,28.2017583943224,69.640855398651
Rocket_Body,Small,High,62.1382062509614,26.1269272960958,74.2976470400863
Rocket_Body,Small,Critical,90.0100549733199,306.114374936735,64.1537682050191
Rocket_Body,Large,Moderate,61.2374485970981,76.6260309738086,143.402956572985
Rocket_Body,Large,Critical,66.8550176493925,240.751171601932,32.2102687682344
Satellite,Medium,High,56.6873062403238,195.436127649889,77.4996389765811
Satellite,Medium,High,14.6048955800928,299.841694159402,110.4026052548
Fragment,Small,Critical,30.9572701188484,45.0320075411052,83.5266619701843
Satellite,Large,High,54.2801556488874,46.72186766014,139.35313285752
Satellite,Medium,Low,37.9211755370234,200.45460970019,56.6952533461926
Fragment,Medium,Critical,26.3587237985074,340.696315209013,69.5513708659767
Fragment,Medium,Moderate,55.3719557726594,149.399193013471,13.2783472822092
Fragment,Medium,Critical,39.0528814103065,117.69915609169,91.3498666577892
Satellite,Medium,Low,33.2296878856073,218.408156351238,43.2317952672159
Satellite,Medium,Low,51.7586875696342,334.961496196211,24.0463559273353
Fragment,Small,Low,21.9955832273955,301.294019824064,81.6796939356762
Rocket_Body,Large,Low,93.4971159767866,358.374099863959,79.8465395069865
Fragment,Large,Low,88.0931888127315,8.12468995285575,11.3807461836071
Rocket_Body,Medium,Moderate,73.6858527166481,40.6289320965944,104.73231802417
Rocket_Body,Large,High,19.559244482961,219.408394811983,93.5658285976279
Fragment,Large,Low,79.8289529022723,295.407518160185,28.3525924119745
Fragment,Large,Low,82.7161595298117,102.687963230435,70.4152293231065
Fragment,Medium,Critical,79.0988155942903,86.1159916923187,108.048437471784
Satellite,Medium,Moderate,20.2569298407317,283.311287777232,79.4153610811914
Rocket_Body,Large,Moderate,67.9517161360988,20.2974673871633,59.3233614275355
Satellite,Large,High,85.0892316174458,132.97775312973,48.3507687121415
Satellite,Medium,Moderate,61.96180610977,182.091320133238,91.559079996608
Fragment,Small,Critical,68.176663770528,201.725522766116,140.866304746536
Satellite,Large,Critical,51.2527131483675,262.301456445399,100.761726071622
Fragment,Small,High,57.5836587895647,127.744460435036,11.2118855454473
Rocket_Body,Large,Critical,13.0939172516552,220.566364082858,69.10274602232
Fragment,Small,Low,67.5066719775956,210.735152204744,133.623619726594
Satellite,Small,Low,17.3302491602043,197.141796235348,14.169363870163
Satellite,Small,Critical,49.1513134906201,230.573985531196,148.331356820631
Fragment,Medium,High,36.3389587900667,93.4017015845074,142.360409046813
Fragment,Small,Moderate,59.0885155190541,30.4735512904664,11.7411721094813
Satellite,Small,High,22.0074701970886,42.9378019343076,140.011998067433
Rocket_Body,Small,Moderate,72.2479061775986,80.8496577554043,54.4698885389193
Rocket_Body,Large,Critical,81.5510383235623,180.071256788202,126.706375061379
Fragment,Small,Critical,24.701900476884,302.559390196567,62.7575006569907
Rocket_Body,Large,Low,19.3881778616693,252.465603151818,66.1282669053773
Satellite,Small,Moderate,23.0963934508623,284.054617512736,95.1364636466314
Fragment,Small,High,88.9414805708651,126.351224613392,116.171612891397
Satellite,Medium,Critical,57.537033558072,145.675346993478,5.06837264223729
Satellite,Large,High,52.0534896406752,141.72547895662,88.9733993290701
Rocket_Body,Small,Low,19.6040637192118,69.0743463856205,28.0099491146056
Fragment,Large,Moderate,68.4600406081265,22.0379969316859,51.8924276794804
Fragment,Large,Moderate,88.119963270558,212.729793417801,52.1952999232824
Rocket_Body,Medium,Critical,84.5367282391107,356.11800603141,70.359051033173
Satellite,Medium,Moderate,66.3449238082721,60.0586937820946,50.120461781426
Satellite,Medium,Critical,16.7750844986506,16.8065351637385,16.1041677676001
Satellite,Medium,Low,20.1157324458411,280.631405456615,21.8443107788177
Satellite,Medium,Moderate,14.4378088398842,90.9309624065007,5.01569783416465
Fragment,Medium,Critical,33.1731294843222,298.671769927054,70.5373627993131
Fragment,Medium,High,22.209532044434,253.417200132425,143.167154227948
Rocket_Body,Medium,Critical,33.404323622719,340.442473338289,17.3512835472174
Rocket_Body,Small,Moderate,44.6552250147065,147.213804872401,141.939673950462
Fragment,Large,Low,94.8684505664022,238.309142202228,110.004227209814
Fragment,Medium,Moderate,64.9338453803523,167.347721092777,95.6248204401244
Satellite,Medium,Moderate,85.1476407114666,227.011931031075,96.7916632985344
Satellite,Large,Critical,73.9316350641099,161.855606162785,124.009147259442
Rocket_Body,Small,High,20.1252817473968,67.9076087126669,16.0379796569732
Fragment,Large,Moderate,76.2328365736553,182.843069761217,75.7131485348312
Rocket_Body,Large,High,34.7588993403212,190.290312517479,104.563670739113
Fragment,Medium,Critical,67.5197062295235,291.817385373658,88.0230667610345
Satellite,Large,High,40.6865776278689,264.787454085689,124.916860653494
Rocket_Body,Large,Critical,99.7905036938193,238.964984618919,10.8407563517027
Rocket_Body,Medium,Low,33.71963315471,40.8193543989261,103.605155924874
Fragment,Medium,High,35.1217423696842,259.421864638937,80.1041595577076
Satellite,Medium,High,93.7605030006158,180.109856287625,56.8741295969915
Rocket_Body,Medium,Low,12.217996417269,321.875832998217,51.0412473351046
Satellite,Large,High,72.7020089085877,331.153536286995,93.1248949161289
Rocket_Body,Large,Low,75.279375166229,19.8563726166427,133.649306196639
Satellite,Small,Moderate,85.2740719669359,295.430961727612,74.4263889151673
Fragment,Small,Critical,97.6995379574627,13.5710605521614,123.708474611538
Rocket_Body,Large,Low,97.8041727240987,132.181065250208,60.3234572765951
Rocket_Body,Small,High,15.8749081809817,195.227991223588,15.3591694189764
Satellite,Large,Low,83.9655390477612,53.3162875057658,9.22586046879578
Satellite,Small,High,68.1678940291643,268.672972524867,7.70015569855163
Rocket_Body,Medium,Moderate,68.2607920935782,3.00769350196988,57.0225212936504
Fragment,Small,Low,21.5514933953225,60.6956574362532,50.5856626253763
Satellite,Medium,Moderate,68.5168449801088,209.086858747251,107.690553543385
Satellite,Medium,Critical,98.4234322541123,257.179522333425,111.423225237729
Satellite,Medium,High,92.0636712585502,329.991516969809,7.62809532506097
Rocket_Body,Medium,High,49.5217594724365,253.978794696464,33.1684894333522
Rocket_Body,Small,Moderate,13.5953175957484,241.840537291751,41.1392775238349
Rocket_Body,Large,Critical,42.6064141000184,141.962812686239,82.1417976214214
Rocket_Body,Medium,Low,84.3751280440499,0.462393189648508,21.6772835860425
Fragment,Small,Low,73.1349191318649,43.2573331448239,20.09118291
Fragment,Medium,High,51.340929003456,192.439636112174,141.568333381193
Rocket_Body,Small,Moderate,14.9591381642948,243.046758903991,120.630436094667
Fragment,Small,Moderate,48.4205255040972,150.281382202726,27.0982353136755
Satellite,Small,Low,52.2122445746095,263.04444415022,60.9851711858236
Satellite,Large,Critical,93.5699979604722,187.870426319584,53.3432998886348
Satellite,Small,Critical,67.6977493223943,26.7034304139523,118.650611109811
Rocket_Body,Small,Low,38.0487624989184,69.1258503484615,76.5319374717183
Satellite,Large,Low,57.2786438005649,302.399360367819,19.17746054902
Fragment,Large,Moderate,15.9449777039944,260.968588784798,110.848809473436
Rocket_Body,Small,Critical,97.5311412084763,322.114315324498,59.5331967337378
Fragment,Large,Low,42.4053911737653,42.3206096835371,39.438637144822
Satellite,Medium,Low,53.0080619421822,356.480112461426,56.324793303108
Satellite,Medium,High,41.975557681323,75.3864170219761,74.6634845410344
Satellite,Large,Low,71.426055710458,4.24075546319112,51.4673274625514
Rocket_Body,Large,Low,69.6008942496633,359.072258059279,36.2858658887636
Fragment,Small,Critical,74.3790079476222,101.18659876024,59.775304320597
Rocket_Body,Large,Moderate,34.1328906650728,240.487002904521,2.87593661248473
Rocket_Body,Small,Critical,38.4101633047659,63.6056331034698,115.874676914447
Satellite,Medium,Moderate,21.2726107986587,208.882271591691,25.6417340351378
Rocket_Body,Large,High,68.9958974661501,325.452595123641,6.58569204459558
Rocket_Body,Small,Low,13.5817414602087,115.265220274237,98.0548039357618
Satellite,Small,High,63.7914101971113,241.291431375969,116.09041932355
Rocket_Body,Medium,Moderate,88.272629636647,67.6452919674299,122.074369738926
Satellite,Large,Critical,90.174893346067,224.926343538741,74.02637739909
Satellite,Medium,Critical,50.4133984332965,121.122126654303,30.8052277034977
Satellite,Small,High,51.3373319391766,76.0349730916626,110.584151587474
Satellite,Small,Moderate,16.9272264707215,112.745538253308,104.95696157315
Rocket_Body,Large,High,70.3688522898732,64.3827846628077,36.9406101154759
Satellite,Small,High,83.913347833556,324.689798821637,135.511163379418
Satellite,Large,Low,32.0189549144241,142.987279074166,15.6557187124243
Rocket_Body,Medium,High,47.9170793470028,88.3005497907722,147.403235938698
Rocket_Body,Large,Low,85.4955403088743,161.426822765735,129.037171646619
Fragment,Large,Low,88.9408420896059,115.393020050338,103.184796821861
Rocket_Body,Small,Critical,31.8861982237803,267.990931372797,140.812483241974
Rocket_Body,Small,Low,59.5513571087227,349.639168278777,108.346675248556
Fragment,Large,Low,27.3243835572244,157.692116411152,28.5685495545068
Rocket_Body,Small,Critical,19.16908877256,309.972023990006,66.3234207169217
Rocket_Body,Small,High,92.0008451252761,203.710706481463,10.7254536497453
Rocket_Body,Small,Moderate,83.8456753808898,56.604839433924,58.4486133432173
Rocket_Body,Large,Moderate,78.4031411622856,248.624187149282,111.240452960581
Fragment,Small,Moderate,14.3889686931826,184.836418965295,57.9665026396226
Rocket_Body,Large,High,85.9355913439231,234.218348370757,49.5441263202201
Rocket_Body,Small,Low,49.4239668314845,320.287468525799,89.3033583765467
Fragment,Medium,Moderate,40.8155610966273,158.556445436176,130.830679349834
Satellite,Small,High,59.1828724922838,324.423944358248,7.13747888191686
Fragment,Small,Low,18.22179184512,270.240845141395,57.8205652049603
Satellite,Large,Critical,78.0981894417158,175.897773316074,23.7361112722894
Fragment,Large,Moderate,62.4191569199466,217.159968836866,104.30313760978
Fragment,Small,Low,26.793108718585,117.209207706844,15.8586840646702
Rocket_Body,Medium,Moderate,26.9408979792141,354.095027905958,99.7211637870366
Satellite,Small,Moderate,26.5823786415406,240.246418698142,42.927130619686
Rocket_Body,Small,Moderate,15.130214879674,15.7848668987867,29.8375220605837
Satellite,Medium,Low,62.9018604434516,117.583886069283,140.452883673747
Fragment,Large,High,85.6313359829657,224.39319615326,2.77868651189338
Fragment,Small,Low,11.5748392588649,20.2799800077263,65.6665907834353
Satellite,Large,Moderate,14.4104180474146,8.59830887489139,3.24404886926906
Rocket_Body,Large,Low,61.5493249018251,162.008726230008,72.5389572156493
Rocket_Body,Medium,Critical,83.7546116847447,119.768464689361,75.1571066691627
Rocket_Body,Medium,High,39.406500151177,157.787498891939,48.249370709212
Rocket_Body,Large,Low,41.4652958926949,94.5695915568018,19.8242666287535
Fragment,Small,Critical,63.6711847747098,59.2983888994731,56.4581306601713
Fragment,Large,High,34.6791600211732,248.091608512921,100.839440989884
Fragment,Small,Critical,12.3947529469915,185.245601856408,117.359371296668
Fragment,Small,High,76.1705666291436,72.055516049772,79.6125903582213
Fragment,Medium,Low,66.3084921647307,115.052193453599,88.4751591659633
Rocket_Body,Small,Critical,62.2680399150093,213.050846758797,30.0924556686979
Rocket_Body,Small,Moderate,76.751571609264,26.002565378092,43.0995499841474
Rocket_Body,Large,Critical,70.7707753805833,53.0830833358246,24.2843415078537
Rocket_Body,Medium,High,28.5293789360489,26.3684174786604,37.3943025006917
Fragment,Small,Low,41.7232942249016,292.434239777082,33.7330170338297
Fragment,Small,High,21.3499127510762,270.867323956323,77.9173179586856
Fragment,Medium,Critical,21.6871312076092,271.192655476532,84.4033133686094
Satellite,Large,Critical,70.8576171720885,257.87712365137,141.742113123225
Rocket_Body,Medium,Moderate,87.2740096284248,240.978752521152,29.3355970652284
Rocket_Body,Medium,Low,96.6459325475025,171.717089536143,96.2513565242243
Fragment,Small,Low,66.55124057945,231.220138862561,122.588890348128
Rocket_Body,Small,Critical,26.5691191024861,13.8101597236708,84.0362195674578
Rocket_Body,Large,Low,19.5085310904037,223.727192156442,38.2505478751613
Fragment,Small,Moderate,83.1565874383082,280.035973993275,39.382534503
Satellite,Small,High,62.0880828723999,180.12900973838,5.88795796064998
Satellite,Medium,Low,65.6456518912347,128.704798233805,45.8166339822722
Satellite,Small,Critical,80.3315879879238,99.8736245283524,111.690551850507
Fragment,Large,High,73.2949504959206,231.408738058349,7.12766358106655
Rocket_Body,Medium,High,85.1012427570487,249.408431506767,32.8942923757245
Fragment,Large,Moderate,15.059251491389,313.548335950515,105.934874779767
Fragment,Medium,Critical,77.2768573071854,123.240269685956,117.397734423431